id,draw_date,winning_nr1,winning_nr2,winning_nr3,winning_nr4,winning_nr5,winning_nr6
4045,10.1.2004,6,10,26,38,49,20
4046,14.1.2004,31,43,30,8,19,37
4047,17.1.2004,3,31,41,45,19,24
4048,21.1.2004,48,38,6,39,28,1
4049,24.1.2004,16,13,20,44,36,6
4050,28.1.2004,3,1,11,35,24,17
4051,31.1.2004,23,19,24,28,38,41
4052,4.2.2004,21,24,16,49,27,22
4053,7.2.2004,25,22,19,17,15,13
4054,11.2.2004,45,37,10,49,30,2
4055,14.2.2004,42,32,19,6,33,46
4056,18.2.2004,12,38,14,15,3,1
4057,21.2.2004,33,11,1,36,16,43
4058,25.2.2004,36,25,40,43,26,5
4059,28.2.2004,48,36,20,25,4,33
4060,3.3.2004,9,46,38,7,21,29
4061,6.3.2004,11,2,29,39,36,40
4062,10.3.2004,40,17,23,45,18,34
4063,13.3.2004,1,31,42,8,40,27
4064,17.3.2004,40,45,26,44,2,42
4065,20.3.2004,47,21,18,14,38,17
4066,24.3.2004,35,6,21,29,38,39
4067,27.3.2004,49,44,18,46,25,48
4068,31.3.2004,14,11,29,16,24,42
4069,3.4.2004,48,31,29,37,30,21
4070,7.4.2004,44,45,26,1,14,5
4071,10.4.2004,34,31,3,11,18,15
4072,14.4.2004,34,5,46,4,36,1
4073,17.4.2004,19,30,24,14,41,27
4074,21.4.2004,40,36,4,22,39,47
4075,24.4.2004,1,41,15,28,37,14
4076,28.4.2004,28,13,23,39,12,37
4077,1.5.2004,8,36,44,21,22,25
4078,5.5.2004,10,43,16,30,19,12
4079,8.5.2004,37,16,43,9,2,28
4080,12.5.2004,44,18,23,25,17,6
4081,15.5.2004,6,19,43,21,17,28
4082,19.5.2004,13,5,49,9,35,37
4083,22.5.2004,6,20,3,18,33,16
4084,26.5.2004,18,39,24,30,21,2
4085,29.5.2004,13,16,23,44,28,22
4086,2.6.2004,8,15,12,2,46,49
4087,5.6.2004,16,25,27,12,4,29
4088,9.6.2004,16,29,47,4,49,25
4089,12.6.2004,18,25,27,40,39,17
4090,16.6.2004,26,10,22,44,8,25
4091,19.6.2004,6,49,29,20,11,34
4092,23.6.2004,36,16,31,3,13,47
4093,26.6.2004,19,6,33,38,29,13
4094,30.6.2004,28,17,4,31,1,8
4095,3.7.2004,30,7,33,40,44,22
4096,7.7.2004,35,24,46,23,47,49
4097,10.7.2004,35,28,44,37,15,16
4098,14.7.2004,45,19,7,6,49,48
4099,17.7.2004,42,36,29,23,24,17
4100,21.7.2004,7,24,9,44,46,14
4101,24.7.2004,5,13,3,46,27,26
4102,28.7.2004,6,10,44,17,43,23
4103,31.7.2004,5,18,8,48,27,37
4104,4.8.2004,22,12,24,4,9,45
4105,7.8.2004,35,1,47,48,40,21
4106,11.8.2004,41,46,12,45,48,9
4107,14.8.2004,11,37,38,45,14,32
4108,18.8.2004,48,34,46,25,16,41
4109,21.8.2004,11,22,29,21,31,5
4110,25.8.2004,29,37,6,17,40,4
4111,28.8.2004,7,8,3,44,17,10
4112,1.9.2004,3,49,29,31,24,21
4113,4.9.2004,43,26,46,13,27,45
4114,8.9.2004,28,31,39,15,48,19
4115,11.9.2004,38,26,14,3,30,28
4116,15.9.2004,39,5,41,42,21,29
4117,18.9.2004,6,40,27,43,39,33
4118,22.9.2004,28,39,16,8,32,17
4119,25.9.2004,41,4,1,21,28,9
4120,29.9.2004,25,11,2,45,14,20
4121,2.10.2004,19,20,41,22,17,27
4122,6.10.2004,30,12,28,38,16,43
4123,9.10.2004,24,22,15,32,23,13
4124,13.10.2004,46,17,38,14,36,16
4125,16.10.2004,45,32,2,40,11,28
4126,20.10.2004,41,25,38,33,35,12
4127,23.10.2004,27,3,38,23,25,35
4128,27.10.2004,17,39,36,4,26,22
4129,30.10.2004,48,8,22,13,34,45
4130,3.11.2004,34,48,7,5,4,46
4131,6.11.2004,4,26,19,1,42,47
4132,10.11.2004,49,22,35,11,41,10
4133,13.11.2004,3,17,19,40,25,27
4134,17.11.2004,19,38,42,5,31,3
4135,20.11.2004,2,22,41,35,21,14
4136,24.11.2004,10,20,33,44,30,42
4137,27.11.2004,32,15,16,3,8,10
4138,1.12.2004,21,28,26,33,43,39
4139,4.12.2004,17,2,12,44,18,5
4140,8.12.2004,8,5,34,39,20,6
4141,11.12.2004,48,33,27,41,43,45
4142,15.12.2004,49,42,5,13,9,16
4143,18.12.2004,28,12,41,35,23,24
4144,22.12.2004,36,26,22,44,25,21
4145,25.12.2004,28,22,27,21,12,42
4146,29.12.2004,22,30,6,42,44,35
4147,1.1.2005,8,19,28,10,3,36
4148,5.1.2005,1,24,43,47,20,32
4149,8.1.2005,42,19,17,28,37,9
4150,12.1.2005,26,4,7,35,3,44
4151,15.1.2005,34,47,35,22,16,25
4152,19.1.2005,12,15,11,2,5,34
4153,22.1.2005,21,26,42,22,7,32
4154,26.1.2005,29,18,11,23,30,16
4155,29.1.2005,19,38,45,27,41,18
4156,2.2.2005,5,35,29,38,19,28
4157,5.2.2005,44,33,17,23,38,35
4158,9.2.2005,20,4,24,35,6,29
4159,12.2.2005,37,32,27,16,45,35
4160,16.2.2005,11,4,26,21,45,10
4161,19.2.2005,4,14,39,28,13,10
4162,23.2.2005,25,49,20,41,4,48
4163,26.2.2005,15,42,36,17,2,10
4164,2.3.2005,33,34,30,24,20,47
4165,5.3.2005,5,41,18,33,19,32
4166,9.3.2005,43,31,25,21,35,2
4167,12.3.2005,31,47,2,19,14,1
4168,16.3.2005,23,30,26,49,47,18
4169,19.3.2005,21,17,29,36,16,41
4170,23.3.2005,18,31,45,49,27,42
4171,26.3.2005,43,33,18,46,11,1
4172,30.3.2005,38,22,47,34,28,30
4173,2.4.2005,47,34,12,11,2,32
4174,6.4.2005,13,48,23,46,28,26
4175,9.4.2005,21,32,42,31,30,49
4176,13.4.2005,7,6,49,8,2,28
4177,16.4.2005,30,12,29,28,37,46
4178,20.4.2005,23,10,20,47,6,11
4179,23.4.2005,18,28,10,26,34,40
4180,27.4.2005,34,6,4,7,5,31
4181,30.4.2005,4,31,5,45,14,26
4182,4.5.2005,28,4,41,13,30,8
4183,7.5.2005,17,7,39,9,5,29
4184,11.5.2005,21,4,10,3,38,9
4185,14.5.2005,34,10,30,24,31,42
4186,18.5.2005,24,16,34,2,43,7
4187,21.5.2005,16,7,9,27,46,14
4188,25.5.2005,4,15,48,41,44,6
4189,28.5.2005,16,24,25,42,23,28
4190,1.6.2005,6,32,5,17,26,34
4191,4.6.2005,26,48,45,47,3,8
4192,8.6.2005,33,22,45,37,30,41
4193,11.6.2005,41,12,23,39,21,11
4194,15.6.2005,44,37,35,14,7,28
4195,18.6.2005,35,15,20,13,42,43
4196,22.6.2005,3,44,48,23,37,47
4197,25.6.2005,39,32,13,3,30,2
4198,29.6.2005,10,22,48,16,3,24
4199,2.7.2005,13,31,37,20,44,1
4200,6.7.2005,15,24,18,27,30,34
4201,9.7.2005,22,9,6,21,42,38
4202,13.7.2005,6,8,3,37,22,31
4203,16.7.2005,23,43,45,39,18,20
4204,20.7.2005,42,31,9,23,40,7
4205,23.7.2005,46,31,23,32,26,7
4206,27.7.2005,15,3,4,36,9,37
4207,30.7.2005,5,47,43,15,34,19
4208,3.8.2005,30,21,12,40,9,45
4209,6.8.2005,29,6,14,36,7,10
4210,10.8.2005,36,1,20,37,32,13
4211,13.8.2005,39,29,21,20,44,22
4212,17.8.2005,20,39,16,12,15,47
4213,20.8.2005,28,46,21,4,33,13
4214,24.8.2005,11,40,23,26,5,20
4215,27.8.2005,30,24,7,6,41,33
4216,31.8.2005,22,13,42,43,37,6
4217,3.9.2005,42,33,22,20,37,48
4218,7.9.2005,4,43,19,21,28,18
4219,10.9.2005,4,23,33,2,49,17
4220,14.9.2005,26,25,48,13,27,33
4221,17.9.2005,1,32,43,2,3,26
4222,21.9.2005,31,45,35,24,36,39
4223,24.9.2005,16,24,8,31,27,39
4224,28.9.2005,30,26,43,17,36,25
4225,1.10.2005,3,25,44,37,36,39
4226,5.10.2005,48,35,41,27,9,8
4227,8.10.2005,14,10,24,35,43,29
4228,12.10.2005,19,24,11,41,40,14
4229,15.10.2005,45,5,15,31,11,33
4230,19.10.2005,8,6,43,21,36,2
4231,22.10.2005,6,5,34,43,27,14
4232,26.10.2005,46,25,1,10,30,37
4233,29.10.2005,26,45,21,10,12,31
4234,2.11.2005,26,41,46,38,19,8
4235,5.11.2005,21,30,44,39,12,13
4236,9.11.2005,15,5,42,26,29,46
4237,12.11.2005,14,10,31,7,25,13
4238,16.11.2005,8,18,9,35,12,29
4239,19.11.2005,12,29,36,40,44,28
4240,23.11.2005,31,4,15,3,32,8
4241,26.11.2005,16,39,43,36,18,29
4242,30.11.2005,29,28,9,34,4,20
4243,3.12.2005,42,29,40,47,15,34
4244,7.12.2005,20,49,29,5,37,48
4245,10.12.2005,41,4,20,49,10,9
4246,14.12.2005,42,8,44,28,12,43
4247,17.12.2005,47,43,36,37,26,2
4248,21.12.2005,1,21,10,45,24,48
4249,24.12.2005,4,25,41,27,8,26
4250,28.12.2005,18,44,47,10,35,12
4251,31.12.2005,40,42,1,36,6,32
4252,4.1.2006,30,14,3,47,23,46
4253,7.1.2006,43,19,27,45,22,36
4254,11.1.2006,46,9,39,3,22,4
4255,14.1.2006,35,33,27,41,5,30
4256,18.1.2006,24,26,22,21,4,17
4257,21.1.2006,46,43,10,47,3,34
4258,25.1.2006,14,5,40,11,45,36
4259,28.1.2006,41,15,17,9,20,47
4260,1.2.2006,10,14,2,4,25,29
4261,4.2.2006,38,40,39,19,49,42
4262,8.2.2006,12,28,21,3,24,49
4263,11.2.2006,21,14,27,42,23,44
4264,15.2.2006,10,49,41,23,32,28
4265,18.2.2006,48,7,27,25,21,49
4266,22.2.2006,38,19,4,42,21,45
4267,25.2.2006,3,13,28,11,37,31
4268,1.3.2006,6,21,10,25,17,15
4269,4.3.2006,43,26,19,13,49,11
4270,8.3.2006,24,39,31,2,11,13
4271,11.3.2006,36,23,1,6,7,22
4272,15.3.2006,4,34,14,20,26,32
4273,18.3.2006,5,17,36,48,27,14
4274,22.3.2006,9,34,7,22,1,32
4275,25.3.2006,19,6,37,49,44,30
4276,29.3.2006,27,30,40,26,46,28
4277,1.4.2006,45,33,20,12,18,35
4278,5.4.2006,38,47,10,13,32,4
4279,8.4.2006,9,46,42,23,45,44
4280,12.4.2006,15,18,46,2,26,25
4281,15.4.2006,7,38,37,30,45,35
4282,19.4.2006,42,23,5,47,3,6
4283,22.4.2006,31,4,26,6,20,30
4284,26.4.2006,11,9,40,39,7,19
4285,29.4.2006,37,6,24,16,44,31
4286,3.5.2006,24,12,42,38,13,44
4287,6.5.2006,32,5,2,49,26,29
4288,10.5.2006,3,28,16,1,27,37
4289,13.5.2006,40,46,17,18,22,27
4290,17.5.2006,1,21,45,22,13,23
4291,20.5.2006,12,47,19,45,37,35
4292,24.5.2006,29,9,37,18,1,41
4293,27.5.2006,6,48,46,37,16,19
4294,31.5.2006,5,10,11,6,17,24
4295,3.6.2006,32,44,35,31,30,12
4296,7.6.2006,35,36,30,49,48,23
4297,10.6.2006,40,19,42,33,36,13
4298,14.6.2006,14,28,24,1,22,44
4299,17.6.2006,5,15,29,32,12,31
4300,21.6.2006,40,17,38,1,10,26
4301,24.6.2006,3,30,49,19,12,10
4302,28.6.2006,14,19,7,12,4,40
4303,1.7.2006,29,18,17,44,47,24
4304,5.7.2006,47,26,20,17,28,21
4305,8.7.2006,33,11,43,20,13,31
4306,12.7.2006,11,2,48,9,3,46
4307,15.7.2006,32,9,23,2,15,42
4308,19.7.2006,47,16,43,29,7,34
4309,22.7.2006,40,34,21,38,13,49
4310,26.7.2006,48,15,2,39,30,19
4311,29.7.2006,37,1,22,47,20,9
4312,2.8.2006,17,38,11,2,10,19
4313,5.8.2006,1,15,32,48,10,25
4314,9.8.2006,10,41,39,46,16,11
4315,12.8.2006,22,49,33,41,20,1
4316,16.8.2006,25,31,8,10,19,37
4317,19.8.2006,24,22,9,21,39,43
4318,23.8.2006,20,22,45,38,41,36
4319,26.8.2006,19,37,21,5,11,23
4320,30.8.2006,48,7,27,19,16,13
4321,2.9.2006,19,3,29,22,17,21
4322,6.9.2006,24,45,32,8,31,6
4323,10.9.2006,32,7,12,3,6,28
4324,13.9.2006,1,47,34,8,49,21
4325,16.9.2006,19,25,14,4,15,32
4326,20.9.2006,14,47,39,45,8,41
4327,23.9.2006,23,4,36,44,3,34
4328,27.9.2006,8,23,48,9,5,4
4329,30.9.2006,40,26,14,31,33,30
4330,4.10.2006,38,11,17,6,9,20
4331,7.10.2006,47,4,37,35,21,5
4332,11.10.2006,36,7,27,41,34,46
4333,14.10.2006,44,18,36,21,46,24
4334,18.10.2006,14,4,5,36,48,17
4335,21.10.2006,39,29,38,47,49,44
4336,25.10.2006,48,33,5,22,39,1
4337,28.10.2006,12,17,44,10,8,18
4338,1.11.2006,30,22,31,39,24,25
4339,4.11.2006,44,11,24,8,16,38
4340,8.11.2006,34,15,47,36,49,26
4341,11.11.2006,21,27,4,48,19,36
4342,15.11.2006,40,22,45,43,4,47
4343,18.11.2006,23,49,15,12,22,33
4344,22.11.2006,36,5,11,34,8,4
4345,25.11.2006,13,17,48,12,18,31
4346,29.11.2006,42,35,23,6,2,14
4347,2.12.2006,48,42,5,45,49,43
4348,6.12.2006,26,1,21,14,43,23
4349,9.12.2006,19,34,15,36,26,29
4350,13.12.2006,9,4,27,12,20,48
4351,16.12.2006,47,31,28,16,36,6
4352,20.12.2006,15,21,32,8,20,40
4353,23.12.2006,49,7,47,4,8,1
4354,27.12.2006,10,45,34,25,6,26
4355,30.12.2006,43,39,42,27,16,19
4356,3.1.2007,31,46,49,45,38,18
4357,6.1.2007,1,42,47,22,28,49
4358,10.1.2007,18,39,2,7,26,21
4359,13.1.2007,21,44,1,26,5,4
4360,17.1.2007,29,12,16,28,1,37
4361,20.1.2007,8,48,44,49,39,4
4362,24.1.2007,29,48,13,22,37,14
4363,27.1.2007,10,19,31,34,6,33
4364,31.1.2007,21,44,33,25,24,34
4365,3.2.2007,6,45,36,15,39,16
4366,7.2.2007,48,3,38,10,47,24
4367,10.2.2007,9,2,13,28,48,36
4368,14.2.2007,25,32,3,2,21,40
4369,17.2.2007,36,17,43,41,1,47
4370,21.2.2007,34,40,47,32,1,9
4371,24.2.2007,22,3,1,34,27,20
4372,28.2.2007,4,45,27,11,19,43
4373,3.3.2007,12,31,36,15,7,43
4374,7.3.2007,25,27,34,4,43,32
4375,10.3.2007,9,33,47,15,10,41
4376,14.3.2007,12,29,30,42,23,4
4377,17.3.2007,4,17,5,44,21,3
4378,21.3.2007,48,25,17,4,47,27
4379,24.3.2007,42,31,26,7,28,43
4380,28.3.2007,25,34,33,43,15,19
4381,31.3.2007,13,31,10,49,32,12
4382,4.4.2007,1,10,30,24,39,29
4383,7.4.2007,2,44,22,42,18,9
4384,11.4.2007,5,27,2,49,22,40
4385,14.4.2007,38,22,18,10,14,8
4386,18.4.2007,7,46,22,15,38,43
4387,21.4.2007,7,8,39,22,26,35
4388,25.4.2007,41,12,38,13,1,14
4389,28.4.2007,32,27,29,11,42,9
4390,2.5.2007,27,30,26,15,5,14
4391,5.5.2007,38,48,43,19,7,17
4392,9.5.2007,24,4,45,46,13,28
4393,12.5.2007,39,26,9,15,13,34
4394,16.5.2007,48,30,41,9,45,15
4395,19.5.2007,28,5,33,7,31,24
4396,23.5.2007,26,46,23,21,9,37
4397,26.5.2007,46,37,39,7,13,36
4398,30.5.2007,24,8,49,6,32,40
4399,2.6.2007,30,44,21,2,16,10
4400,6.6.2007,25,33,28,45,4,36
4401,9.6.2007,37,25,43,9,24,11
4402,13.6.2007,38,19,14,27,28,1
4403,16.6.2007,49,40,15,48,36,17
4404,20.6.2007,1,12,47,19,18,20
4405,23.6.2007,48,9,24,11,32,2
4406,27.6.2007,13,24,19,42,2,39
4407,30.6.2007,2,37,48,5,41,42
4408,4.7.2007,33,16,4,45,40,47
4409,7.7.2007,2,49,29,45,14,36
4410,11.7.2007,49,47,26,1,39,48
4411,14.7.2007,18,27,3,39,7,34
4412,18.7.2007,10,17,48,8,7,9
4413,21.7.2007,28,15,44,5,23,37
4414,25.7.2007,36,16,30,44,24,29
4415,28.7.2007,22,23,32,3,36,19
4416,1.8.2007,22,18,19,8,9,42
4417,4.8.2007,43,17,41,21,24,45
4418,8.8.2007,13,5,11,45,34,43
4419,11.8.2007,43,49,21,34,39,14
4420,15.8.2007,13,18,8,43,25,7
4421,18.8.2007,19,25,3,21,46,28
4422,22.8.2007,4,45,15,19,20,36
4423,25.8.2007,5,17,28,8,30,4
4424,29.8.2007,45,41,47,48,39,43
4425,1.9.2007,15,21,26,25,5,40
4426,4.9.2007,26,47,35,5,39,31
4427,6.9.2007,48,35,11,21,3,45
4428,8.9.2007,27,4,6,43,28,15
4429,11.9.2007,21,47,43,4,35,16
4430,13.9.2007,22,18,39,11,30,15
4431,15.9.2007,42,14,11,34,36,46
4432,18.9.2007,31,14,15,44,29,10
4433,20.9.2007,3,40,11,12,42,14
4434,22.9.2007,26,25,8,12,13,4
4435,25.9.2007,40,29,16,49,19,18
4436,27.9.2007,44,6,25,11,34,47
4437,29.9.2007,35,16,10,47,43,42
4438,2.10.2007,49,13,40,46,25,26
4439,4.10.2007,18,19,28,37,17,5
4440,6.10.2007,12,44,4,10,18,22
4441,9.10.2007,18,8,5,14,12,24
4442,11.10.2007,33,45,24,9,49,30
4443,13.10.2007,5,14,45,27,13,28
4444,16.10.2007,16,31,37,8,34,35
4445,18.10.2007,9,18,28,37,10,30
4446,20.10.2007,15,25,18,43,48,28
4447,23.10.2007,18,7,46,34,4,45
4448,25.10.2007,5,28,38,19,8,42
4449,27.10.2007,3,33,48,39,45,7
4450,30.10.2007,6,49,10,5,8,42
4451,1.11.2007,34,19,42,3,33,12
4452,3.11.2007,1,38,14,17,30,25
4453,6.11.2007,11,12,45,34,15,6
4454,8.11.2007,48,20,39,14,40,38
4455,10.11.2007,3,32,11,12,21,44
4456,13.11.2007,29,22,13,46,36,35
4457,15.11.2007,40,13,37,12,49,2
4458,17.11.2007,42,44,17,41,11,27
4459,20.11.2007,19,45,2,30,14,25
4460,22.11.2007,19,32,45,17,3,23
4461,24.11.2007,35,36,18,11,15,17
4462,27.11.2007,35,23,16,5,24,36
4463,29.11.2007,47,14,27,48,23,32
4464,1.12.2007,36,46,41,5,34,26
4465,4.12.2007,8,24,43,18,3,20
4466,6.12.2007,32,1,28,18,30,34
4467,8.12.2007,15,40,28,2,4,22
4468,11.12.2007,45,6,17,29,42,5
4469,13.12.2007,10,35,42,41,33,7
4470,15.12.2007,5,44,20,45,29,48
4471,18.12.2007,33,36,42,12,45,26
4472,20.12.2007,36,25,16,37,2,35
4473,22.12.2007,11,23,37,47,33,31
4474,25.12.2007,20,11,19,21,29,30
4475,27.12.2007,12,24,38,19,32,14
4476,29.12.2007,35,25,34,10,14,49
4477,1.1.2008,48,9,20,19,31,45
4478,3.1.2008,21,10,1,7,35,46
4479,5.1.2008,25,19,45,2,39,3
4480,8.1.2008,19,44,4,5,29,24
4481,10.1.2008,31,42,9,47,17,15
4482,12.1.2008,26,16,22,7,21,45
4483,15.1.2008,8,37,3,41,42,38
4484,17.1.2008,35,10,36,30,47,20
4485,19.1.2008,42,25,10,5,14,7
4486,22.1.2008,37,46,41,22,23,30
4487,24.1.2008,27,44,20,33,39,31
4488,26.1.2008,20,32,40,31,27,46
4489,29.1.2008,38,31,23,27,4,37
4490,31.1.2008,7,4,39,13,16,33
4491,2.2.2008,22,16,47,30,6,39
4492,5.2.2008,25,32,47,1,37,49
4493,7.2.2008,3,19,24,32,21,34
4494,9.2.2008,8,30,38,46,7,43
4495,12.2.2008,25,29,28,24,8,11
4496,14.2.2008,44,15,45,10,46,35
4497,16.2.2008,8,39,2,27,15,1
4498,19.2.2008,48,24,9,7,35,47
4499,21.2.2008,35,15,2,34,19,44
4500,23.2.2008,8,28,17,12,39,18
4501,26.2.2008,10,29,1,42,4,37
4502,28.2.2008,29,3,13,35,22,21
4503,1.3.2008,41,35,30,28,27,22
4504,4.3.2008,12,46,24,10,45,1
4505,6.3.2008,29,13,44,1,7,15
4506,8.3.2008,18,2,6,35,27,3
4507,11.3.2008,1,49,13,32,11,3
4508,13.3.2008,40,38,15,16,20,46
4509,15.3.2008,23,8,44,18,37,47
4510,18.3.2008,34,2,14,41,13,35
4511,20.3.2008,21,42,37,13,11,32
4512,22.3.2008,19,34,1,23,24,43
4513,25.3.2008,41,26,43,32,18,4
4514,27.3.2008,20,5,28,13,21,46
4515,29.3.2008,3,25,29,31,36,39
4516,1.4.2008,22,38,9,28,2,25
4517,3.4.2008,24,39,34,27,45,46
4518,5.4.2008,34,44,31,47,7,25
4519,8.4.2008,41,43,35,10,5,47
4520,10.4.2008,15,37,38,5,2,13
4521,12.4.2008,32,11,14,42,19,30
4522,15.4.2008,32,27,41,45,17,36
4523,17.4.2008,10,11,9,29,42,40
4524,19.4.2008,32,38,3,20,40,41
4525,22.4.2008,16,41,42,39,43,15
4526,24.4.2008,35,1,24,7,11,13
4527,26.4.2008,6,31,35,18,42,29
4528,29.4.2008,43,14,22,12,44,18
4529,1.5.2008,32,29,5,6,10,25
4530,3.5.2008,34,44,1,12,6,30
4531,6.5.2008,30,43,14,34,18,39
4532,8.5.2008,4,9,32,16,25,45
4533,10.5.2008,3,18,32,39,30,25
4534,13.5.2008,3,23,37,6,32,31
4535,15.5.2008,19,1,21,6,44,4
4536,17.5.2008,37,40,11,22,19,35
4537,20.5.2008,19,21,26,25,44,43
4538,22.5.2008,44,33,30,5,45,6
4539,24.5.2008,29,23,34,6,36,35
4540,27.5.2008,38,46,18,35,8,27
4541,29.5.2008,7,5,17,9,16,20
4542,31.5.2008,11,5,12,42,46,23
4543,3.6.2008,43,26,40,2,1,13
4544,5.6.2008,6,23,42,48,39,11
4545,7.6.2008,31,20,19,47,46,30
4546,10.6.2008,16,32,9,8,22,37
4547,12.6.2008,29,37,11,30,12,32
4548,14.6.2008,20,17,21,5,39,44
4549,17.6.2008,41,33,24,42,19,4
4550,19.6.2008,23,45,11,13,35,8
4551,21.6.2008,42,35,39,14,18,12
4552,24.6.2008,28,20,19,49,33,25
4553,26.6.2008,18,47,42,40,35,2
4554,28.6.2008,36,45,15,39,21,18
4555,1.7.2008,29,10,37,40,5,24
4556,3.7.2008,1,48,36,11,4,18
4557,5.7.2008,29,18,20,8,30,42
4558,8.7.2008,13,36,34,46,9,16
4559,10.7.2008,13,35,39,20,16,11
4560,12.7.2008,1,13,22,9,5,7
4561,15.7.2008,13,4,35,40,22,20
4562,17.7.2008,31,30,47,2,23,7
4563,19.7.2008,41,38,2,39,11,21
4564,22.7.2008,17,49,43,21,22,41
4565,24.7.2008,42,35,44,4,2,10
4566,26.7.2008,1,44,11,18,31,16
4567,29.7.2008,15,25,29,30,2,6
4568,31.7.2008,4,5,10,37,35,14
4569,2.8.2008,24,44,10,12,33,41
4570,5.8.2008,32,31,16,10,44,1
4571,7.8.2008,46,17,41,5,24,15
4572,9.8.2008,22,17,25,40,23,45
4573,12.8.2008,4,46,8,10,39,20
4574,14.8.2008,27,48,47,11,26,32
4575,16.8.2008,31,21,32,5,18,34
4576,19.8.2008,2,11,8,35,39,21
4577,21.8.2008,49,46,22,35,42,43
4578,23.8.2008,39,29,9,30,20,25
4579,26.8.2008,32,8,47,31,41,5
4580,28.8.2008,42,45,10,19,26,31
4581,30.8.2008,46,45,1,18,4,11
4582,2.9.2008,36,26,37,33,24,46
4583,4.9.2008,9,30,45,48,40,16
4584,6.9.2008,31,48,38,24,14,9
4585,9.9.2008,46,24,17,33,22,14
4586,11.9.2008,4,18,6,24,32,35
4587,13.9.2008,17,30,4,13,40,28
4588,16.9.2008,4,36,8,40,1,28
4589,18.9.2008,1,22,17,16,13,37
4590,20.9.2008,5,25,47,45,15,27
4591,23.9.2008,16,15,48,24,7,49
4592,25.9.2008,37,6,33,19,49,16
4593,27.9.2008,29,7,9,21,46,6
4594,30.9.2008,5,21,47,7,28,15
4595,2.10.2008,23,48,14,49,4,6
4596,4.10.2008,19,18,22,34,38,37
4597,7.10.2008,14,34,47,9,46,13
4598,9.10.2008,24,15,39,36,17,8
4599,11.10.2008,38,29,47,42,45,8
4600,14.10.2008,44,40,42,4,24,17
4601,16.10.2008,17,22,23,41,20,7
4602,18.10.2008,18,6,28,33,19,3
4603,21.10.2008,5,26,30,45,34,6
4604,23.10.2008,22,24,33,8,35,40
4605,25.10.2008,24,40,22,34,10,46
4606,28.10.2008,19,42,6,37,4,41
4607,30.10.2008,36,44,31,46,22,2
4608,1.11.2008,3,16,6,2,36,11
4609,4.11.2008,5,6,3,32,19,47
4610,6.11.2008,21,8,13,24,18,47
4611,8.11.2008,39,14,33,43,24,3
4612,11.11.2008,13,35,27,37,15,25
4613,13.11.2008,32,26,6,42,24,25
4614,15.11.2008,9,5,17,15,20,32
4615,18.11.2008,36,17,10,49,22,44
4616,20.11.2008,20,9,43,3,4,22
4617,22.11.2008,32,17,23,34,48,20
4618,25.11.2008,45,40,4,9,22,24
4619,27.11.2008,37,30,5,46,40,15
4620,29.11.2008,45,39,36,21,3,26
4621,2.12.2008,9,44,32,47,14,36
4622,4.12.2008,16,27,1,24,48,49
4623,6.12.2008,18,28,16,11,19,26
4624,9.12.2008,24,40,22,11,27,42
4625,11.12.2008,10,32,49,36,5,47
4626,13.12.2008,7,38,40,46,43,3
4627,16.12.2008,30,23,21,17,48,44
4628,18.12.2008,16,9,19,18,39,40
4629,20.12.2008,8,25,24,40,12,48
4630,23.12.2008,32,17,31,8,21,9
4631,25.12.2008,33,10,17,46,2,39
4632,27.12.2008,3,47,38,45,40,7
4633,30.12.2008,40,13,17,11,23,8
4634,1.1.2009,31,49,13,3,16,46
4635,3.1.2009,25,27,3,15,17,33
4636,6.1.2009,20,39,36,45,38,12
4637,8.1.2009,42,31,38,46,17,8
4638,10.1.2009,45,39,40,31,43,35
4639,13.1.2009,14,2,30,34,9,3
4640,15.1.2009,37,24,28,15,10,11
4641,17.1.2009,8,45,22,35,1,33
4642,20.1.2009,7,1,12,17,20,38
4643,22.1.2009,18,9,10,49,6,42
4644,24.1.2009,49,20,21,37,42,24
4645,27.1.2009,33,14,36,46,27,13
4646,29.1.2009,42,9,15,47,29,45
4647,31.1.2009,14,41,24,5,48,15
4648,3.2.2009,41,30,21,18,3,23
4649,5.2.2009,17,11,5,40,4,18
4650,7.2.2009,3,27,34,16,7,42
4651,10.2.2009,24,36,21,49,35,37
4652,12.2.2009,28,19,45,18,6,8
4653,14.2.2009,3,14,37,18,13,31
4654,17.2.2009,39,40,26,12,44,49
4655,19.2.2009,22,19,41,42,25,33
4656,21.2.2009,25,43,12,7,24,1
4657,24.2.2009,36,32,49,45,47,38
4658,26.2.2009,42,35,48,49,14,12
4659,28.2.2009,37,10,46,29,43,44
4660,3.3.2009,25,18,33,10,8,35
4661,5.3.2009,32,47,13,23,41,45
4662,7.3.2009,38,22,17,29,42,20
4663,10.3.2009,21,20,2,3,45,40
4664,12.3.2009,42,12,45,36,11,17
4665,14.3.2009,33,20,41,27,6,48
4666,17.3.2009,29,17,35,6,7,33
4667,19.3.2009,17,24,20,1,44,25
4668,21.3.2009,13,29,27,42,43,32
4669,24.3.2009,41,37,2,35,4,7
4670,26.3.2009,21,32,49,18,8,48
4671,28.3.2009,14,31,48,24,46,45
4672,31.3.2009,13,15,40,37,20,43
4673,2.4.2009,46,11,20,44,6,1
4674,4.4.2009,10,38,26,7,32,22
4675,7.4.2009,22,20,49,27,45,18
4676,9.4.2009,48,44,39,24,18,19
4677,11.4.2009,16,30,39,37,9,23
4678,14.4.2009,5,11,22,45,34,41
4679,16.4.2009,33,6,19,20,17,5
4680,18.4.2009,19,32,41,33,9,24
4681,21.4.2009,9,8,11,6,23,1
4682,23.4.2009,49,48,30,21,40,46
4683,25.4.2009,26,33,44,30,46,25
4684,28.4.2009,17,40,43,2,18,45
4685,30.4.2009,24,22,13,49,3,25
4686,2.5.2009,3,20,12,28,13,31
4687,5.5.2009,6,40,46,45,32,49
4688,7.5.2009,37,17,4,5,11,32
4689,9.5.2009,40,13,34,6,1,37
4690,12.5.2009,38,28,23,6,36,24
4691,14.5.2009,1,22,24,48,3,6
4692,16.5.2009,4,36,30,11,39,42
4693,19.5.2009,7,19,40,31,32,1
4694,21.5.2009,12,42,28,23,27,17
4695,23.5.2009,26,16,47,38,9,33
4696,26.5.2009,35,10,37,13,9,6
4697,28.5.2009,49,1,24,18,7,10
4698,30.5.2009,9,32,29,37,4,46
4699,2.6.2009,34,8,24,32,44,31
4700,4.6.2009,18,42,40,32,17,26
4701,6.6.2009,48,21,14,44,17,26
4702,9.6.2009,10,32,41,47,31,23
4703,11.6.2009,35,23,21,39,31,41
4704,13.6.2009,21,33,36,45,7,3
4705,16.6.2009,28,35,3,40,14,41
4706,18.6.2009,15,2,37,48,17,39
4707,20.6.2009,15,38,28,2,33,42
4708,23.6.2009,30,21,38,39,2,5
4709,25.6.2009,7,30,10,25,29,24
4710,27.6.2009,20,16,24,23,36,46
4711,30.6.2009,33,22,42,17,31,25
4712,2.7.2009,4,44,32,33,30,11
4713,4.7.2009,43,33,30,32,35,13
4714,7.7.2009,3,25,26,6,12,9
4715,9.7.2009,12,44,38,11,49,29
4716,11.7.2009,31,36,42,13,37,12
4717,14.7.2009,49,25,33,29,13,36
4718,16.7.2009,47,28,16,3,18,7
4719,18.7.2009,22,6,23,7,46,38
4720,21.7.2009,21,36,20,28,30,13
4721,23.7.2009,40,42,16,9,18,43
4722,25.7.2009,46,39,1,8,44,45
4723,28.7.2009,41,27,28,31,8,7
4724,30.7.2009,16,43,8,25,26,29
4725,1.8.2009,20,5,29,10,39,9
4726,4.8.2009,42,9,18,15,31,44
4727,6.8.2009,36,19,7,35,20,2
4728,8.8.2009,13,17,24,3,9,4
4729,11.8.2009,6,14,25,39,42,7
4730,13.8.2009,44,24,10,26,23,45
4731,15.8.2009,35,29,1,7,45,38
4732,18.8.2009,31,17,14,41,26,7
4733,20.8.2009,19,47,33,3,18,5
4734,22.8.2009,13,6,43,41,19,40
4735,25.8.2009,34,45,7,41,21,3
4736,27.8.2009,25,13,37,40,42,5
4737,29.8.2009,18,7,25,46,10,24
4738,1.9.2009,34,48,43,8,45,20
4739,3.9.2009,24,22,25,21,2,15
4740,5.9.2009,14,44,17,15,45,33
4741,8.9.2009,19,35,4,48,7,26
4742,10.9.2009,14,39,11,9,18,21
4743,12.9.2009,39,44,11,40,9,32
4744,15.9.2009,30,13,27,14,34,21
4745,17.9.2009,45,25,37,47,48,13
4746,19.9.2009,22,26,25,43,19,34
4747,22.9.2009,29,47,13,41,15,37
4748,24.9.2009,14,16,48,10,37,17
4749,26.9.2009,18,46,43,42,35,26
4750,29.9.2009,44,14,45,6,48,28
4751,1.10.2009,16,27,19,28,30,4
4752,3.10.2009,1,20,19,24,48,10
4753,6.10.2009,36,20,34,12,38,21
4754,8.10.2009,8,12,40,25,29,17
4755,10.10.2009,6,13,12,47,16,3
4756,13.10.2009,33,23,34,4,18,27
4757,15.10.2009,35,9,30,25,24,13
4758,17.10.2009,4,39,36,33,30,6
4759,20.10.2009,48,47,20,7,4,45
4760,22.10.2009,38,48,36,34,10,19
4761,24.10.2009,39,15,19,11,6,29
4762,27.10.2009,6,12,18,48,19,16
4763,29.10.2009,44,6,25,24,31,23
4764,31.10.2009,16,9,31,42,30,27
4765,3.11.2009,12,17,21,25,36,14
4766,5.11.2009,32,34,42,20,6,5
4767,7.11.2009,3,7,1,5,2,17
4768,10.11.2009,33,14,18,24,21,41
4769,12.11.2009,21,35,24,48,49,41
4770,14.11.2009,8,12,26,45,33,23
4771,17.11.2009,28,37,5,24,35,21
4772,19.11.2009,11,14,30,4,46,7
4773,21.11.2009,18,41,28,24,37,39
4774,24.11.2009,30,6,21,39,37,13
4775,26.11.2009,42,17,41,12,15,33
4776,28.11.2009,20,9,28,22,30,41
4777,1.12.2009,29,6,2,31,48,14
4778,3.12.2009,43,38,32,25,11,28
4779,5.12.2009,9,37,40,8,13,24
4780,8.12.2009,13,8,25,49,20,38
4781,10.12.2009,11,18,12,28,34,13
4782,12.12.2009,36,30,32,41,15,3
4783,15.12.2009,19,28,10,22,30,6
4784,17.12.2009,49,10,32,7,25,47
4785,19.12.2009,16,7,42,28,25,2
4786,22.12.2009,33,45,38,30,19,34
4787,24.12.2009,35,16,44,4,8,20
4788,26.12.2009,47,40,8,38,33,10
4789,29.12.2009,47,30,8,19,31,16
4790,31.12.2009,21,24,9,26,10,16
4791,2.1.2010,39,7,47,24,19,15
4792,5.1.2010,29,33,38,42,12,14
4793,7.1.2010,18,8,39,12,47,5
4794,9.1.2010,16,25,2,3,38,40
4795,12.1.2010,12,44,45,41,14,23
4796,14.1.2010,37,46,19,27,24,34
4797,16.1.2010,46,48,18,7,5,36
4798,19.1.2010,16,39,31,21,37,42
4799,21.1.2010,42,17,30,11,47,20
4800,23.1.2010,17,23,20,11,5,36
4801,26.1.2010,35,6,26,33,25,23
4802,28.1.2010,25,46,7,42,13,15
4803,30.1.2010,8,4,38,16,36,33
4804,2.2.2010,26,21,28,4,20,33
4805,4.2.2010,46,44,12,4,47,6
4806,6.2.2010,15,36,16,24,45,4
4807,9.2.2010,12,36,38,13,14,19
4808,11.2.2010,41,22,11,18,3,38
4809,13.2.2010,43,10,24,22,28,47
4810,16.2.2010,15,14,39,29,9,16
4811,18.2.2010,13,18,48,22,7,16
4812,20.2.2010,32,5,22,10,41,3
4813,23.2.2010,5,28,48,12,36,49
4814,25.2.2010,25,46,37,34,11,3
4815,27.2.2010,6,33,31,15,28,45
4816,2.3.2010,27,43,42,7,18,12
4817,4.3.2010,6,20,32,49,5,28
4818,6.3.2010,48,43,41,6,37,36
4819,9.3.2010,18,16,42,7,23,12
4820,11.3.2010,43,42,35,49,22,4
4821,13.3.2010,34,20,41,18,12,28
4822,16.3.2010,19,18,27,48,14,4
4823,18.3.2010,26,40,25,33,4,1
4824,20.3.2010,32,28,42,29,4,48
4825,23.3.2010,5,38,4,34,39,43
4826,25.3.2010,5,27,3,4,9,44
4827,27.3.2010,43,28,35,7,39,12
4828,30.3.2010,10,32,46,39,27,15
4829,1.4.2010,22,40,17,14,11,42
4830,3.4.2010,16,42,37,17,36,31
4831,6.4.2010,44,23,9,6,30,12
4832,8.4.2010,20,22,3,26,25,37
4833,10.4.2010,15,13,39,22,14,11
4834,13.4.2010,12,43,13,24,31,7
4835,15.4.2010,16,1,47,18,24,2
4836,17.4.2010,1,41,40,21,46,30
4837,20.4.2010,31,46,38,28,21,43
4838,22.4.2010,24,17,43,35,3,49
4839,24.4.2010,40,17,36,43,34,37
4840,27.4.2010,7,2,14,11,38,26
4841,29.4.2010,46,7,19,4,20,34
4842,1.5.2010,12,43,1,28,38,45
4843,4.5.2010,15,30,31,34,11,48
4844,6.5.2010,10,32,34,33,11,7
4845,8.5.2010,32,4,11,6,1,3
4846,11.5.2010,37,11,32,22,35,13
4847,13.5.2010,11,17,4,29,31,41
4848,15.5.2010,2,6,10,47,30,17
4849,18.5.2010,42,34,17,6,27,44
4850,20.5.2010,25,35,39,41,29,12
4851,22.5.2010,5,39,1,22,13,20
4852,25.5.2010,46,39,9,42,34,3
4853,27.5.2010,9,21,39,33,1,29
4854,29.5.2010,1,23,46,41,49,2
4855,1.6.2010,28,14,1,41,34,25
4856,3.6.2010,17,20,29,45,44,43
4857,5.6.2010,20,39,11,7,42,4
4858,8.6.2010,37,38,22,1,18,30
4859,10.6.2010,9,11,14,4,16,29
4860,12.6.2010,10,38,13,6,35,1
4861,15.6.2010,14,36,16,38,44,29
4862,17.6.2010,46,32,48,49,7,12
4863,19.6.2010,18,42,13,34,3,25
4864,22.6.2010,22,27,39,5,35,44
4865,24.6.2010,19,42,27,20,29,28
4866,26.6.2010,16,13,2,7,47,32
4867,29.6.2010,35,20,29,41,23,9
4868,1.7.2010,38,16,6,45,1,27
4869,3.7.2010,15,24,26,23,6,45
4870,6.7.2010,5,15,36,32,1,34
4871,8.7.2010,44,11,37,18,32,30
4872,10.7.2010,16,26,24,37,15,9
4873,13.7.2010,10,14,27,42,25,44
4874,15.7.2010,41,26,8,38,17,20
4875,17.7.2010,32,37,23,47,35,48
4876,20.7.2010,7,26,23,44,18,42
4877,22.7.2010,43,40,21,9,15,33
4878,24.7.2010,17,30,20,13,27,16
4879,27.7.2010,1,27,6,40,46,34
4880,29.7.2010,32,22,2,31,30,4
4881,31.7.2010,32,20,11,13,16,12
4882,3.8.2010,12,40,30,25,4,39
4883,5.8.2010,44,30,24,8,16,17
4884,7.8.2010,28,18,49,29,15,14
4885,10.8.2010,3,30,13,10,27,9
4886,12.8.2010,31,18,28,10,16,7
4887,14.8.2010,41,48,31,23,32,9
4888,17.8.2010,22,24,13,17,32,23
4889,19.8.2010,28,31,19,46,15,32
4890,21.8.2010,36,22,30,37,16,41
4891,24.8.2010,42,13,45,9,4,31
4892,26.8.2010,45,28,42,43,21,36
4893,28.8.2010,2,16,31,7,42,32
4894,31.8.2010,2,49,48,23,33,30
4895,2.9.2010,7,47,36,30,33,5
4896,4.9.2010,15,49,22,14,39,2
4897,7.9.2010,16,13,20,18,31,34
4898,9.9.2010,17,32,7,8,10,29
4899,11.9.2010,19,6,28,8,42,30
4900,14.9.2010,37,43,23,49,18,39
4901,16.9.2010,38,11,22,49,16,13
4902,18.9.2010,13,17,14,16,43,5
4903,21.9.2010,3,16,30,14,39,32
4904,23.9.2010,20,35,34,31,22,30
4905,25.9.2010,28,33,24,47,35,26
4906,28.9.2010,44,36,27,24,15,31
4907,30.9.2010,9,26,16,17,48,6
4908,2.10.2010,41,43,4,1,13,7
4909,5.10.2010,38,7,14,16,44,36
4910,7.10.2010,3,13,11,37,17,14
4911,9.10.2010,23,35,18,8,29,22
4912,12.10.2010,33,47,8,32,48,16
4913,14.10.2010,2,26,28,10,47,6
4914,16.10.2010,38,43,25,14,26,42
4915,19.10.2010,48,38,12,21,33,25
4916,21.10.2010,12,36,40,31,27,22
4917,23.10.2010,8,13,14,33,39,34
4918,26.10.2010,21,24,38,44,27,8
4919,28.10.2010,28,7,21,24,41,18
4920,30.10.2010,5,9,23,18,35,42
4921,2.11.2010,13,14,11,48,10,38
4922,4.11.2010,41,43,46,25,9,29
4923,6.11.2010,27,2,25,19,36,39
4924,9.11.2010,1,47,12,28,40,22
4925,11.11.2010,16,35,15,28,5,30
4926,13.11.2010,41,37,15,26,20,7
4927,16.11.2010,34,41,7,40,39,25
4928,18.11.2010,7,21,26,38,20,32
4929,20.11.2010,16,1,33,3,10,39
4930,23.11.2010,44,36,15,12,42,20
4931,25.11.2010,28,40,46,19,25,22
4932,27.11.2010,29,19,7,34,5,42
4933,30.11.2010,25,29,13,18,1,26
4934,2.12.2010,25,37,13,15,30,42
4935,4.12.2010,8,43,1,29,26,38
4936,7.12.2010,27,24,36,22,13,37
4937,9.12.2010,16,15,40,30,17,4
4938,11.12.2010,44,6,15,13,18,46
4939,14.12.2010,23,11,41,39,15,31
4940,16.12.2010,31,42,46,9,39,4
4941,18.12.2010,19,33,10,21,39,45
4942,21.12.2010,40,38,32,17,39,15
4943,23.12.2010,29,2,43,12,48,34
4944,25.12.2010,5,47,18,23,13,39
4945,28.12.2010,41,7,29,19,47,42
4946,30.12.2010,26,9,40,24,13,49
4947,1.1.2011,44,46,26,10,38,15
4948,4.1.2011,24,23,5,46,28,6
4949,6.1.2011,20,4,28,5,21,41
4950,8.1.2011,28,35,38,43,7,3
4951,11.1.2011,31,20,23,17,18,1
4952,13.1.2011,39,30,18,21,34,12
4953,15.1.2011,13,17,33,27,32,20
4954,18.1.2011,17,9,34,19,10,27
4955,20.1.2011,12,3,36,46,30,14
4956,22.1.2011,28,5,30,18,39,6
4957,25.1.2011,47,7,37,42,31,22
4958,27.1.2011,3,35,14,19,10,43
4959,29.1.2011,3,38,1,35,32,19
4960,1.2.2011,8,34,26,18,24,47
4961,3.2.2011,9,37,24,47,22,13
4962,5.2.2011,4,38,2,33,11,35
4963,8.2.2011,31,24,19,49,18,13
4964,10.2.2011,14,32,3,38,48,6
4965,12.2.2011,38,13,45,16,15,20
4966,15.2.2011,3,27,8,6,25,7
4967,17.2.2011,38,19,21,37,49,9
4968,19.2.2011,12,38,7,45,33,48
4969,22.2.2011,15,17,31,46,1,42
4970,24.2.2011,10,28,37,15,30,46
4971,26.2.2011,2,29,25,36,17,26
4972,1.3.2011,26,45,36,49,38,32
4973,3.3.2011,13,25,37,10,30,22
4974,5.3.2011,26,5,27,2,28,45
4975,8.3.2011,6,33,12,10,46,1
4976,10.3.2011,30,21,18,3,27,23
4977,12.3.2011,40,30,27,23,33,29
4978,15.3.2011,34,26,30,32,33,8
4979,17.3.2011,32,35,23,29,30,4
4980,19.3.2011,42,27,29,3,21,23
4981,22.3.2011,4,12,16,34,9,23
4982,24.3.2011,32,5,11,24,40,10
4983,26.3.2011,13,35,10,44,1,14
4984,29.3.2011,18,37,5,16,13,48
4985,31.3.2011,10,31,13,29,36,34
4986,2.4.2011,18,15,42,41,1,19
4987,5.4.2011,2,13,19,46,45,29
4988,7.4.2011,18,19,15,42,17,16
4989,9.4.2011,48,47,16,37,42,4
4990,12.4.2011,20,13,49,18,3,16
4991,14.4.2011,44,5,8,10,24,16
4992,16.4.2011,9,7,34,42,6,28
4993,19.4.2011,29,6,8,12,25,49
4994,21.4.2011,15,4,6,18,10,1
4995,23.4.2011,18,49,1,22,20,17
4996,26.4.2011,41,4,32,21,37,9
4997,28.4.2011,47,45,22,49,31,44
4998,30.4.2011,5,42,9,7,26,28
4999,3.5.2011,39,37,35,14,12,11
5000,5.5.2011,9,45,7,14,22,34
5001,7.5.2011,13,12,10,27,47,14
5002,10.5.2011,7,28,32,33,40,22
5003,12.5.2011,21,23,13,24,25,6
5004,14.5.2011,38,23,14,24,2,40
5005,17.5.2011,23,36,19,8,32,40
5006,19.5.2011,23,6,33,18,41,22
5007,21.5.2011,13,39,28,43,2,46
5008,24.5.2011,14,26,34,35,39,33
5009,26.5.2011,22,13,21,36,49,6
5010,28.5.2011,25,30,3,18,7,23
5011,31.5.2011,13,25,47,5,10,29
5012,2.6.2011,10,44,24,22,11,38
5013,4.6.2011,8,9,4,32,21,28
5014,7.6.2011,32,41,20,15,47,33
5015,9.6.2011,34,27,45,8,49,2
5016,11.6.2011,34,26,48,49,33,4
5017,14.6.2011,13,47,36,32,39,30
5018,16.6.2011,22,35,29,23,47,41
5019,18.6.2011,2,11,10,40,5,28
5020,21.6.2011,46,41,32,19,5,2
5021,23.6.2011,11,12,43,28,3,29
5022,25.6.2011,32,41,27,14,31,2
5023,28.6.2011,26,45,4,13,42,27
5024,30.6.2011,6,4,34,9,2,44
5025,2.7.2011,40,23,21,5,39,14
5026,5.7.2011,31,43,15,38,35,36
5027,7.7.2011,13,35,23,28,2,12
5028,9.7.2011,49,42,6,9,17,20
5029,12.7.2011,49,29,17,14,28,48
5030,14.7.2011,2,11,7,5,40,45
5031,16.7.2011,13,10,15,3,5,33
5032,19.7.2011,19,45,1,39,13,38
5033,21.7.2011,47,48,36,20,46,30
5034,23.7.2011,33,19,45,40,9,6
5035,26.7.2011,22,41,49,14,12,33
5036,28.7.2011,27,11,40,32,3,29
5037,30.7.2011,35,6,19,23,43,29
5038,2.8.2011,37,12,5,13,21,25
5039,4.8.2011,1,16,12,28,42,36
5040,6.8.2011,8,46,26,29,16,42
5041,9.8.2011,15,36,2,46,9,25
5042,11.8.2011,34,39,14,35,17,29
5043,13.8.2011,46,15,33,29,34,20
5044,16.8.2011,12,44,10,26,30,8
5045,18.8.2011,32,21,16,17,1,34
5046,20.8.2011,49,2,43,37,30,19
5047,23.8.2011,33,48,9,11,6,25
5048,25.8.2011,39,21,46,37,43,10
5049,27.8.2011,37,40,22,49,1,48
5050,30.8.2011,21,4,30,20,44,2
5051,1.9.2011,38,41,9,29,19,14
5052,3.9.2011,3,22,43,6,25,34
5053,6.9.2011,40,49,14,16,1,47
5054,8.9.2011,34,4,25,9,47,29
5055,10.9.2011,41,49,36,14,43,26
5056,13.9.2011,28,49,10,9,32,41
5057,15.9.2011,6,35,19,34,42,11
5058,17.9.2011,42,10,20,8,45,38
5059,20.9.2011,33,20,6,32,26,30
5060,22.9.2011,3,29,8,35,19,15
5061,24.9.2011,43,13,6,12,7,40
5062,27.9.2011,37,40,15,25,27,14
5063,29.9.2011,32,38,33,40,11,44
5064,1.10.2011,29,15,23,41,27,33
5065,4.10.2011,12,40,24,44,32,47
5066,6.10.2011,40,22,16,38,6,20
5067,8.10.2011,18,46,27,5,2,26
5068,11.10.2011,47,6,29,32,4,25
5069,13.10.2011,19,17,15,21,10,13
5070,15.10.2011,35,13,3,1,15,29
5071,18.10.2011,18,7,27,11,26,13
5072,20.10.2011,47,32,9,16,42,6
5073,22.10.2011,43,27,49,23,11,12
5074,25.10.2011,34,41,4,16,47,35
5075,27.10.2011,31,26,40,7,30,16
5076,29.10.2011,34,38,40,25,3,26
5077,1.11.2011,4,25,5,37,44,45
5078,3.11.2011,28,24,1,5,9,45
5079,5.11.2011,27,18,46,49,6,5
5080,8.11.2011,9,29,39,5,4,3
5081,10.11.2011,7,13,21,8,26,2
5082,12.11.2011,28,12,40,2,35,38
5083,15.11.2011,37,34,38,40,27,6
5084,17.11.2011,4,11,6,15,49,25
5085,19.11.2011,21,22,14,3,16,29
5086,22.11.2011,9,31,19,28,6,35
5087,24.11.2011,15,10,44,27,39,9
5088,26.11.2011,1,44,29,16,35,19
5089,29.11.2011,28,26,3,32,36,39
5090,1.12.2011,42,37,30,22,2,25
5091,3.12.2011,40,41,38,23,46,11
5092,6.12.2011,14,36,44,13,19,15
5093,8.12.2011,18,4,48,29,46,38
5094,10.12.2011,17,42,23,46,38,11
5095,13.12.2011,24,41,46,22,44,30
5096,15.12.2011,41,48,24,35,43,1
5097,17.12.2011,26,3,49,37,44,1
5098,20.12.2011,30,42,13,9,8,36
5099,22.12.2011,6,48,23,19,27,21
5100,24.12.2011,1,45,13,19,15,42
5101,27.12.2011,36,16,11,21,12,2
5102,29.12.2011,14,19,7,32,42,46
5103,31.12.2011,10,6,38,3,16,32
5104,3.1.2012,45,27,36,37,24,14
5105,5.1.2012,1,24,33,44,6,2
5106,7.1.2012,34,40,44,45,10,17
5107,10.1.2012,31,47,28,37,13,12
5108,12.1.2012,7,45,40,9,1,6
5109,14.1.2012,1,35,5,19,6,44
5110,17.1.2012,13,19,26,31,20,47
5111,19.1.2012,30,31,46,45,19,20
5112,21.1.2012,14,23,30,34,2,4
5113,24.1.2012,30,44,49,27,41,42
5114,26.1.2012,3,6,48,27,37,15
5115,28.1.2012,17,15,43,46,41,2
5116,31.1.2012,42,9,13,44,29,18
5117,2.2.2012,36,28,1,7,10,17
5118,4.2.2012,41,46,49,38,16,7
5119,7.2.2012,5,17,38,13,1,37
5120,9.2.2012,12,23,49,9,17,28
5121,11.2.2012,9,30,42,6,13,29
5122,14.2.2012,29,48,35,18,38,44
5123,16.2.2012,38,30,8,28,40,24
5124,18.2.2012,24,27,41,16,6,42
5125,21.2.2012,26,32,24,37,1,10
5126,23.2.2012,48,42,41,13,8,22
5127,25.2.2012,16,7,20,25,9,27
5128,28.2.2012,40,19,18,25,39,35
5129,1.3.2012,18,6,17,28,48,35
5130,3.3.2012,36,14,32,4,18,22
5131,6.3.2012,26,10,45,39,36,40
5132,8.3.2012,45,23,28,42,7,3
5133,10.3.2012,1,5,28,29,6,36
5134,13.3.2012,23,24,3,17,20,15
5135,15.3.2012,33,18,21,12,6,8
5136,17.3.2012,10,42,4,9,41,39
5137,20.3.2012,21,38,4,40,37,31
5138,22.3.2012,35,23,25,42,13,45
5139,24.3.2012,40,43,15,28,9,49
5140,27.3.2012,34,16,20,35,49,43
5141,29.3.2012,17,45,5,37,13,14
5142,31.3.2012,38,37,36,44,31,34
5143,3.4.2012,18,12,36,39,34,47
5144,5.4.2012,33,28,11,47,1,15
5145,7.4.2012,42,37,39,2,17,6
5146,10.4.2012,3,4,39,18,43,20
5147,12.4.2012,21,32,44,13,19,29
5148,14.4.2012,6,44,27,23,16,15
5149,17.4.2012,32,12,6,31,33,18
5150,19.4.2012,35,13,45,29,30,15
5151,21.4.2012,17,7,34,1,20,32
5152,24.4.2012,16,29,31,19,6,8
5153,26.4.2012,20,12,41,19,45,44
5154,28.4.2012,49,2,31,8,5,16
5155,1.5.2012,45,21,33,1,47,36
5156,3.5.2012,42,40,25,19,18,24
5157,5.5.2012,33,48,8,16,31,4
5158,8.5.2012,46,31,35,20,19,34
5159,10.5.2012,31,25,39,36,19,30
5160,12.5.2012,1,20,41,7,5,18
5161,15.5.2012,17,28,39,7,5,47
5162,17.5.2012,48,19,23,49,6,38
5163,19.5.2012,7,1,21,28,39,11
5164,22.5.2012,32,9,34,6,38,44
5165,24.5.2012,5,11,44,12,20,16
5166,26.5.2012,25,46,39,20,7,14
5167,29.5.2012,8,38,46,7,3,24
5168,31.5.2012,41,29,5,32,33,38
5169,2.6.2012,26,39,43,47,38,30
5170,5.6.2012,35,32,2,46,3,33
5171,7.6.2012,45,32,49,9,1,2
5172,9.6.2012,42,30,20,12,39,32
5173,12.6.2012,32,49,48,17,5,22
5174,14.6.2012,38,34,49,17,18,2
5175,16.6.2012,33,48,18,38,9,26
5176,19.6.2012,9,21,36,7,41,32
5177,21.6.2012,3,20,7,24,12,18
5178,23.6.2012,10,48,4,46,43,19
5179,26.6.2012,42,40,21,7,8,16
5180,28.6.2012,49,20,25,22,6,12
5181,30.6.2012,46,23,5,43,41,9
5182,3.7.2012,16,25,13,44,17,30
5183,5.7.2012,33,11,6,30,26,23
5184,7.7.2012,16,29,3,34,5,4
5185,10.7.2012,8,5,13,45,49,35
5186,12.7.2012,48,38,45,42,11,44
5187,14.7.2012,6,24,5,13,49,31
5188,17.7.2012,25,46,27,45,26,48
5189,19.7.2012,41,42,5,11,12,7
5190,21.7.2012,35,17,24,31,49,44
5191,24.7.2012,35,24,4,31,8,49
5192,26.7.2012,23,12,3,37,5,20
5193,28.7.2012,6,22,37,28,14,8
5194,31.7.2012,36,13,37,8,12,15
5195,2.8.2012,36,10,47,15,28,45
5196,4.8.2012,26,46,35,45,38,15
5197,7.8.2012,31,37,38,24,8,13
5198,9.8.2012,13,24,43,31,1,17
5199,11.8.2012,3,41,8,1,49,42
5200,14.8.2012,28,25,38,42,1,16
5201,16.8.2012,46,17,41,18,27,35
5202,18.8.2012,22,12,23,40,29,43
5203,21.8.2012,9,16,36,24,41,44
5204,23.8.2012,12,24,33,20,43,49
5205,25.8.2012,45,36,46,27,12,42
5206,28.8.2012,26,10,2,15,41,4
5207,30.8.2012,8,27,23,12,4,21
5208,1.9.2012,11,33,26,48,15,25
5209,4.9.2012,8,12,3,14,49,6
5210,6.9.2012,26,18,45,11,23,34
5211,8.9.2012,16,1,15,6,19,21
5212,11.9.2012,2,27,19,41,16,20
5213,13.9.2012,34,16,43,44,4,1
5214,15.9.2012,21,37,35,25,10,8
5215,18.9.2012,32,44,22,17,41,35
5216,20.9.2012,23,24,44,32,29,48
5217,22.9.2012,9,17,23,38,28,1
5218,25.9.2012,8,21,44,15,4,31
5219,27.9.2012,9,7,30,16,43,6
5220,29.9.2012,42,10,35,23,17,2
5221,2.10.2012,6,46,35,47,41,5
5222,4.10.2012,8,22,27,3,33,18
5223,6.10.2012,16,19,40,33,48,32
5224,9.10.2012,2,11,37,12,35,23
5225,11.10.2012,38,37,48,4,2,16
5226,13.10.2012,36,22,11,49,23,21
5227,16.10.2012,36,37,21,44,4,38
5228,18.10.2012,3,25,38,28,10,12
5229,20.10.2012,37,3,28,9,19,29
5230,23.10.2012,41,35,20,8,37,3
5231,25.10.2012,25,47,45,7,41,24
5232,27.10.2012,26,41,35,12,20,36
5233,30.10.2012,43,33,13,36,10,29
5234,1.11.2012,7,46,26,9,34,33
5235,3.11.2012,27,28,4,40,7,17
5236,6.11.2012,37,45,47,40,41,5
5237,8.11.2012,7,40,17,34,36,13
5238,10.11.2012,31,26,5,36,25,3
5239,13.11.2012,2,26,6,34,23,15
5240,15.11.2012,34,36,38,11,31,47
5241,17.11.2012,10,1,23,2,34,41
5242,20.11.2012,30,35,49,23,9,1
5243,22.11.2012,17,7,49,41,21,27
5244,24.11.2012,34,3,44,10,47,20
5245,27.11.2012,3,45,8,49,2,6
5246,29.11.2012,39,18,4,6,13,10
5247,1.12.2012,48,46,37,12,8,44
5248,4.12.2012,14,4,32,28,26,3
5249,6.12.2012,33,32,43,18,27,2
5250,8.12.2012,43,10,30,35,13,16
5251,11.12.2012,29,10,11,35,39,44
5252,13.12.2012,12,17,32,8,6,29
5253,15.12.2012,34,4,8,25,5,33
5254,18.12.2012,38,19,21,32,23,4
5255,20.12.2012,40,21,13,15,18,37
5256,22.12.2012,48,44,22,2,43,14
5257,25.12.2012,1,18,15,9,13,42
5258,27.12.2012,10,3,44,39,43,26
5259,29.12.2012,29,17,31,9,16,34
5260,1.1.2013,11,27,23,31,30,21
5261,3.1.2013,27,24,1,21,3,30
5262,5.1.2013,1,14,36,17,18,27
5263,8.1.2013,14,6,36,4,23,16
5264,10.1.2013,21,27,30,29,5,49
5265,12.1.2013,47,37,11,38,45,10
5266,15.1.2013,13,41,39,15,44,26
5267,17.1.2013,31,46,9,40,38,48
5268,19.1.2013,44,32,10,24,26,11
5269,22.1.2013,40,39,1,49,37,24
5270,24.1.2013,36,35,33,28,25,32
5271,26.1.2013,45,15,29,1,4,28
5272,29.1.2013,27,33,41,3,40,13
5273,31.1.2013,47,12,11,33,22,19
5274,2.2.2013,15,46,35,19,1,38
5275,5.2.2013,36,7,25,19,22,18
5276,7.2.2013,9,11,42,15,6,49
5277,9.2.2013,16,31,40,2,32,13
5278,12.2.2013,31,44,25,13,28,1
5279,14.2.2013,48,8,24,29,38,35
5280,16.2.2013,20,10,48,27,36,15
5281,19.2.2013,14,21,10,19,25,30
5282,21.2.2013,7,5,37,36,42,40
5283,23.2.2013,6,22,10,30,45,12
5284,26.2.2013,3,40,23,45,37,9
5285,28.2.2013,19,22,18,32,14,43
5286,2.3.2013,6,20,33,45,39,34
5287,5.3.2013,34,6,32,20,26,1
5288,7.3.2013,43,5,24,26,15,17
5289,9.3.2013,22,34,11,43,49,20
5290,12.3.2013,21,11,45,38,24,2
5291,14.3.2013,19,32,28,36,22,24
5292,16.3.2013,23,24,13,31,12,14
5293,19.3.2013,49,16,8,1,24,41
5294,21.3.2013,39,38,37,28,32,30
5295,23.3.2013,26,19,44,10,11,17
5296,26.3.2013,3,41,31,17,11,7
5297,28.3.2013,28,38,19,29,11,40
5298,30.3.2013,2,18,46,17,23,10
5299,2.4.2013,34,13,37,40,32,16
5300,4.4.2013,31,49,29,20,14,2
5301,6.4.2013,44,28,6,10,30,38
5302,9.4.2013,7,28,14,26,42,4
5303,11.4.2013,35,34,47,3,18,41
5304,13.4.2013,35,45,36,18,21,37
5305,16.4.2013,30,16,1,18,27,35
5306,18.4.2013,38,31,5,18,40,16
5307,20.4.2013,8,5,20,45,22,17
5308,23.4.2013,10,6,42,17,37,3
5309,25.4.2013,33,46,41,4,49,44
5310,27.4.2013,49,17,48,8,36,2
5311,30.4.2013,45,22,33,9,24,14
5312,2.5.2013,47,5,36,20,49,11
5313,4.5.2013,40,15,49,39,9,18
5314,7.5.2013,20,27,13,10,38,32
5315,9.5.2013,47,31,6,42,26,2
5316,11.5.2013,35,27,31,13,14,30
5317,14.5.2013,17,37,21,6,26,14
5318,16.5.2013,31,17,41,15,42,1
5319,18.5.2013,37,48,42,28,17,45
5320,21.5.2013,3,36,46,33,18,9
5321,23.5.2013,13,45,2,30,40,5
5322,25.5.2013,16,5,11,35,17,44
5323,28.5.2013,47,20,15,17,40,30
5324,30.5.2013,21,44,33,16,31,18
5325,1.6.2013,13,38,23,26,12,10
5326,4.6.2013,23,10,8,42,14,17
5327,6.6.2013,48,3,30,36,33,37
5328,8.6.2013,33,20,13,18,4,15
5329,11.6.2013,4,27,2,8,6,22
5330,13.6.2013,18,31,3,20,22,5
5331,15.6.2013,6,12,30,10,37,22
5332,18.6.2013,36,12,28,24,9,42
5333,20.6.2013,44,32,3,10,35,37
5334,22.6.2013,28,35,31,20,24,39
5335,25.6.2013,31,32,39,41,1,27
5336,27.6.2013,1,5,36,4,29,38
5337,29.6.2013,13,3,34,31,25,26
5338,2.7.2013,31,47,2,29,38,13
5339,4.7.2013,3,11,23,19,2,7
5340,6.7.2013,29,47,31,14,41,6
5341,9.7.2013,45,2,3,24,21,22
5342,11.7.2013,39,17,2,31,24,34
5343,13.7.2013,14,37,12,34,29,16
5344,16.7.2013,13,17,28,22,46,19
5345,18.7.2013,29,9,2,12,33,26
5346,20.7.2013,40,44,41,1,35,4
5347,23.7.2013,23,25,35,29,24,8
5348,25.7.2013,31,16,14,42,39,46
5349,27.7.2013,4,37,1,44,20,36
5350,30.7.2013,32,29,8,18,28,25
5351,1.8.2013,24,12,49,23,29,42
5352,3.8.2013,26,21,25,11,42,46
5353,6.8.2013,43,9,49,33,2,19
5354,8.8.2013,2,15,30,48,37,19
5355,10.8.2013,16,6,25,18,43,14
5356,13.8.2013,44,32,26,22,13,1
5357,15.8.2013,46,13,34,3,29,7
5358,17.8.2013,23,43,45,18,9,5
5359,20.8.2013,4,26,31,33,42,18
5360,22.8.2013,2,42,30,17,3,26
5361,24.8.2013,4,47,1,2,20,6
5362,27.8.2013,45,47,2,46,39,30
5363,29.8.2013,18,27,10,7,49,12
5364,31.8.2013,3,27,16,11,14,2
5365,3.9.2013,43,9,32,25,16,22
5366,5.9.2013,44,4,34,16,47,11
5367,7.9.2013,34,37,32,8,30,28
5368,10.9.2013,24,15,3,18,8,41
5369,12.9.2013,17,48,44,49,30,33
5370,14.9.2013,45,41,35,2,6,19
5371,17.9.2013,26,8,46,2,15,25
5372,19.9.2013,16,17,33,24,5,23
5373,21.9.2013,34,4,17,16,33,22
5374,24.9.2013,1,32,7,46,23,36
5375,26.9.2013,23,2,48,38,29,26
5376,28.9.2013,34,28,13,31,4,14
5377,1.10.2013,39,21,28,11,10,4
5378,3.10.2013,5,15,9,41,20,45
5379,5.10.2013,17,18,1,27,5,40
5380,8.10.2013,46,12,37,34,32,1
5381,10.10.2013,5,48,36,1,27,31
5382,12.10.2013,45,28,15,34,3,18
5383,15.10.2013,27,4,8,42,6,14
5384,17.10.2013,37,35,7,5,48,22
5385,19.10.2013,37,4,44,25,31,10
5386,22.10.2013,42,23,15,13,17,33
5387,24.10.2013,41,44,10,43,21,30
5388,26.10.2013,28,40,13,12,16,47
5389,29.10.2013,40,27,44,12,33,1
5390,31.10.2013,18,22,4,20,2,29
5391,2.11.2013,9,37,44,31,45,19
5392,5.11.2013,38,29,39,18,48,43
5393,7.11.2013,38,24,42,3,41,49
5394,9.11.2013,23,29,16,24,8,48
5395,12.11.2013,38,12,16,11,46,23
5396,14.11.2013,34,39,49,22,23,35
5397,16.11.2013,44,15,12,4,20,32
5398,19.11.2013,12,7,10,27,11,19
5399,21.11.2013,45,10,46,48,8,7
5400,23.11.2013,12,34,36,1,27,44
5401,26.11.2013,27,8,36,20,32,44
5402,28.11.2013,33,47,10,18,25,4
5403,30.11.2013,41,25,30,19,6,18
5404,3.12.2013,42,37,31,14,17,13
5405,5.12.2013,48,45,11,10,41,36
5406,7.12.2013,8,23,49,32,41,44
5407,10.12.2013,32,25,7,31,45,35
5408,12.12.2013,39,14,11,24,33,1
5409,14.12.2013,33,38,20,35,15,12
5410,17.12.2013,5,16,48,45,27,15
5411,19.12.2013,20,23,24,12,19,22
5412,21.12.2013,38,27,44,28,18,43
5413,24.12.2013,43,2,9,24,41,4
5414,26.12.2013,30,24,10,7,14,43
5415,28.12.2013,1,19,47,17,6,27
5416,31.12.2013,1,44,28,46,4,34
5417,2.1.2014,28,34,20,46,35,27
5418,4.1.2014,42,37,7,31,40,14
5419,7.1.2014,12,40,13,19,32,44
5420,9.1.2014,42,6,19,38,4,45
5421,11.1.2014,43,13,26,38,9,24
5422,14.1.2014,45,48,44,41,31,40
5423,16.1.2014,12,34,26,10,47,48
5424,18.1.2014,9,11,24,34,23,2
5425,21.1.2014,33,28,34,2,3,29
5426,23.1.2014,15,31,20,14,44,21
5427,25.1.2014,25,42,45,3,13,26
5428,28.1.2014,14,41,18,34,38,25
5429,30.1.2014,29,14,23,9,2,33
5430,1.2.2014,18,24,36,37,4,30
5431,4.2.2014,43,40,26,18,6,28
5432,6.2.2014,29,27,7,46,32,49
5433,8.2.2014,25,34,45,32,41,38
5434,11.2.2014,34,33,49,21,5,18
5435,13.2.2014,20,47,14,12,37,5
5436,15.2.2014,27,44,42,32,16,21
5437,18.2.2014,13,41,15,35,22,46
5438,20.2.2014,35,6,10,20,47,4
5439,22.2.2014,14,33,49,27,48,43
5440,25.2.2014,36,45,39,32,5,3
5441,27.2.2014,25,4,20,27,38,44
5442,1.3.2014,41,4,35,33,40,48
5443,4.3.2014,26,21,6,15,47,46
5444,6.3.2014,43,44,28,33,13,49
5445,8.3.2014,10,20,19,21,48,6
5446,11.3.2014,48,40,5,4,46,45
5447,13.3.2014,4,40,7,35,16,33
5448,15.3.2014,44,8,25,48,3,20
5449,18.3.2014,30,20,17,23,28,45
5450,20.3.2014,12,19,2,25,42,14
5451,22.3.2014,29,19,23,31,1,38
5452,25.3.2014,9,11,13,4,39,24
5453,27.3.2014,5,15,11,29,35,19
5454,29.3.2014,25,28,6,49,31,47
5455,1.4.2014,42,8,48,10,29,28
5456,3.4.2014,19,47,6,8,42,17
5457,5.4.2014,21,33,22,25,35,31
5458,8.4.2014,13,11,17,46,30,29
5459,10.4.2014,17,23,27,39,36,41
5460,12.4.2014,14,2,34,43,20,30
5461,15.4.2014,47,13,12,16,15,40
5462,17.4.2014,27,24,33,46,20,43
5463,19.4.2014,20,46,48,8,29,7
5464,22.4.2014,11,37,6,10,29,46
5465,24.4.2014,23,32,18,8,5,30
5466,26.4.2014,27,37,5,22,7,13
5467,29.4.2014,21,35,38,37,11,17
5468,1.5.2014,25,8,23,40,14,45
5469,3.5.2014,27,4,48,5,15,19
5470,6.5.2014,27,10,39,47,43,25
5471,8.5.2014,38,5,2,11,20,9
5472,10.5.2014,27,19,16,33,12,35
5473,13.5.2014,46,23,27,39,9,37
5474,15.5.2014,2,11,16,8,3,20
5475,17.5.2014,12,1,28,15,32,6
5476,20.5.2014,23,8,45,47,16,1
5477,22.5.2014,36,32,40,34,17,30
5478,24.5.2014,5,20,15,36,35,38
5479,27.5.2014,45,36,29,11,3,20
5480,29.5.2014,9,40,33,28,36,2
5481,31.5.2014,25,47,41,34,14,9
5482,3.6.2014,38,13,15,43,21,22
5483,5.6.2014,35,17,8,15,29,27
5484,7.6.2014,5,6,28,31,26,13
5485,10.6.2014,19,23,10,38,31,17
5486,12.6.2014,12,11,22,41,21,3
5487,14.6.2014,10,17,9,33,44,38
5488,17.6.2014,28,26,27,23,12,11
5489,19.6.2014,3,35,9,38,11,2
5490,21.6.2014,19,6,42,24,45,30
5491,24.6.2014,36,2,15,48,32,6
5492,26.6.2014,42,19,21,31,40,22
5493,28.6.2014,41,23,7,27,39,13
5494,1.7.2014,15,22,1,45,49,31
5495,3.7.2014,36,26,20,28,8,19
5496,5.7.2014,35,36,34,46,22,28
5497,8.7.2014,28,4,47,11,25,21
5498,10.7.2014,11,49,19,34,30,35
5499,12.7.2014,46,29,41,22,11,13
5500,15.7.2014,28,13,23,40,18,42
5501,17.7.2014,37,11,10,48,35,47
5502,19.7.2014,41,12,35,13,27,3
5503,22.7.2014,1,21,16,40,19,37
5504,24.7.2014,43,40,3,20,18,49
5505,26.7.2014,24,37,31,13,26,18
5506,29.7.2014,21,26,36,31,29,32
5507,31.7.2014,37,40,39,36,46,1
5508,2.8.2014,18,45,20,9,35,28
5509,5.8.2014,39,19,23,30,21,15
5510,7.8.2014,7,4,45,8,28,33
5511,9.8.2014,48,32,39,11,47,46
5512,12.8.2014,39,42,32,22,23,7
5513,14.8.2014,4,20,17,5,36,25
5514,16.8.2014,25,28,15,14,45,6
5515,19.8.2014,6,40,23,45,13,19
5516,21.8.2014,46,30,40,17,34,49
5517,23.8.2014,34,38,15,11,32,29
5518,26.8.2014,15,20,19,22,40,11
5519,28.8.2014,9,16,17,42,11,3
5520,30.8.2014,18,35,40,15,47,21
5521,2.9.2014,19,42,18,36,31,38
5522,4.9.2014,22,43,17,15,18,35
5523,6.9.2014,41,33,29,34,30,9
5524,9.9.2014,38,30,13,16,33,34
5525,11.9.2014,27,41,36,4,37,43
5526,13.9.2014,26,22,39,49,35,46
5527,16.9.2014,16,36,42,23,46,27
5528,18.9.2014,2,22,40,46,1,28
5529,20.9.2014,46,25,47,28,17,15
5530,23.9.2014,34,8,38,43,42,39
5531,25.9.2014,17,32,44,5,24,41
5532,27.9.2014,29,42,41,47,33,11
5533,30.9.2014,45,4,48,33,22,34
5534,2.10.2014,1,8,40,46,12,15
5535,4.10.2014,45,17,40,15,26,5
5536,7.10.2014,30,27,14,16,32,23
5537,9.10.2014,25,15,1,44,35,33
5538,11.10.2014,39,32,36,43,13,23
5539,14.10.2014,48,31,11,14,6,34
5540,16.10.2014,18,30,43,38,27,8
5541,18.10.2014,13,42,47,12,32,17
5542,21.10.2014,11,14,20,43,39,46
5543,23.10.2014,30,47,40,16,38,22
5544,25.10.2014,31,20,49,39,35,15
5545,28.10.2014,12,5,39,3,42,26
5546,30.10.2014,2,48,28,43,27,3
5547,1.11.2014,6,34,1,41,20,47
5548,4.11.2014,20,43,39,26,5,42
5549,6.11.2014,14,11,19,26,17,25
5550,8.11.2014,23,48,22,3,35,29
5551,11.11.2014,11,3,13,2,31,28
5552,13.11.2014,11,47,21,14,36,5
5553,15.11.2014,5,27,21,39,49,11
5554,18.11.2014,7,12,23,3,31,25
5555,20.11.2014,36,38,27,2,44,21
5556,22.11.2014,20,49,13,32,22,10
5557,25.11.2014,29,12,1,5,18,34
5558,27.11.2014,5,23,10,40,19,8
5559,29.11.2014,5,49,4,31,21,30
5560,2.12.2014,3,40,46,18,7,47
5561,4.12.2014,43,31,47,15,37,30
5562,6.12.2014,7,42,39,34,37,15
5563,9.12.2014,42,23,47,49,41,24
5564,11.12.2014,18,11,31,19,47,43
5565,13.12.2014,6,8,19,40,5,44
5566,16.12.2014,32,27,3,10,30,36
5567,18.12.2014,31,46,38,43,16,19
5568,20.12.2014,20,14,31,35,1,41
5569,23.12.2014,9,21,28,23,4,49
5570,25.12.2014,36,38,4,34,19,28
5571,27.12.2014,21,4,20,27,46,24
5572,30.12.2014,26,5,29,6,7,17
5573,1.1.2015,2,10,19,44,43,45
5574,3.1.2015,33,22,16,2,18,14
5575,6.1.2015,36,37,13,11,45,29
5576,8.1.2015,24,12,6,28,16,46
5577,10.1.2015,12,5,29,24,19,44
5578,13.1.2015,29,1,14,49,33,4
5579,15.1.2015,49,20,2,15,25,43
5580,17.1.2015,38,31,42,13,14,40
5581,20.1.2015,16,7,3,39,48,21
5582,22.1.2015,10,29,14,46,47,42
5583,24.1.2015,8,32,24,35,28,46
5584,27.1.2015,39,11,41,17,20,9
5585,29.1.2015,15,33,35,13,8,4
5586,31.1.2015,15,18,31,21,12,32
5587,3.2.2015,43,11,31,42,21,46
5588,5.2.2015,6,13,4,40,18,49
5589,7.2.2015,38,36,41,5,14,34
5590,10.2.2015,44,36,10,23,27,7
5591,12.2.2015,21,31,26,49,41,12
5592,14.2.2015,26,5,36,33,31,11
5593,17.2.2015,34,45,46,38,18,49
5594,19.2.2015,40,21,35,27,44,26
5595,21.2.2015,37,36,18,45,30,34
5596,24.2.2015,23,49,14,34,2,22
5597,26.2.2015,35,4,8,3,24,11
5598,28.2.2015,7,42,40,49,34,6
5599,3.3.2015,45,28,15,10,48,20
5600,5.3.2015,22,42,10,11,5,3
5601,7.3.2015,9,8,18,41,13,46
5602,10.3.2015,47,33,42,34,15,31
5603,12.3.2015,31,19,47,39,40,41
5604,14.3.2015,26,48,6,17,43,41
5605,17.3.2015,3,21,12,26,48,47
5606,19.3.2015,27,13,16,29,21,34
5607,21.3.2015,41,18,25,9,34,24
5608,24.3.2015,30,1,23,49,5,41
5609,26.3.2015,2,48,3,18,5,6
5610,28.3.2015,21,11,33,30,41,40
5611,31.3.2015,3,13,43,17,9,41
5612,2.4.2015,19,46,49,39,45,32
5613,4.4.2015,1,21,32,10,29,35
5614,7.4.2015,28,9,44,29,32,11
5615,9.4.2015,16,31,4,2,37,14
5616,11.4.2015,32,16,31,1,18,24
5617,14.4.2015,25,17,4,19,1,46
5618,16.4.2015,49,29,1,26,38,6
5619,18.4.2015,46,43,10,21,34,37
5620,21.4.2015,3,23,20,24,48,31
5621,23.4.2015,14,10,41,12,3,20
5622,25.4.2015,37,39,21,23,11,30
5623,28.4.2015,36,2,21,20,3,43
5624,30.4.2015,35,24,39,2,1,31
5625,2.5.2015,6,9,28,42,32,33
5626,5.5.2015,12,19,7,8,23,10
5627,7.5.2015,4,26,25,7,18,47
5628,9.5.2015,11,24,17,49,15,41
5629,12.5.2015,20,30,23,46,28,43
5630,14.5.2015,43,3,32,23,14,6
5631,16.5.2015,28,46,37,13,41,31
5632,19.5.2015,29,43,44,4,19,2
5633,21.5.2015,9,46,11,27,8,18
5634,23.5.2015,1,40,49,2,4,47
5635,26.5.2015,14,10,8,32,17,28
5636,28.5.2015,29,34,3,15,32,44
5637,30.5.2015,31,8,21,9,40,1
5638,2.6.2015,15,7,35,40,2,14
5639,4.6.2015,22,36,20,39,4,30
5640,6.6.2015,3,18,21,12,7,17
5641,9.6.2015,44,13,32,17,2,35
5642,11.6.2015,6,21,33,4,36,26
5643,13.6.2015,2,33,24,3,28,16
5644,16.6.2015,11,5,28,6,23,17
5645,18.6.2015,49,13,29,11,18,9
5646,20.6.2015,40,35,38,7,25,21
5647,23.6.2015,27,30,43,3,47,9
5648,25.6.2015,40,5,38,32,22,27
5649,27.6.2015,38,40,46,2,18,5
5650,30.6.2015,24,25,37,33,41,13
5651,2.7.2015,40,8,23,32,33,6
5652,4.7.2015,10,36,22,38,48,44
5653,7.7.2015,21,6,9,20,19,15
5654,9.7.2015,24,26,30,15,22,35
5655,11.7.2015,49,9,47,10,42,45
5656,14.7.2015,13,5,45,28,14,42
5657,16.7.2015,19,9,32,40,43,35
5658,18.7.2015,37,33,32,4,14,28
5659,21.7.2015,14,45,36,17,27,30
5660,23.7.2015,34,47,43,36,28,17
5661,25.7.2015,3,13,32,45,34,41
5662,28.7.2015,12,13,20,11,29,8
5663,30.7.2015,22,34,6,33,47,24
5664,1.8.2015,17,37,4,40,9,45
5665,4.8.2015,28,40,14,16,3,39
5666,6.8.2015,4,35,32,26,25,30
5667,8.8.2015,15,21,29,48,34,49
5668,11.8.2015,46,18,16,38,8,17
5669,13.8.2015,14,33,23,46,40,41
5670,15.8.2015,28,22,33,4,45,47
5671,18.8.2015,4,23,49,48,33,1
5672,20.8.2015,48,21,47,30,6,16
5673,22.8.2015,35,33,1,14,31,23
5674,25.8.2015,3,4,42,45,15,14
5675,27.8.2015,1,37,14,36,13,7
5676,29.8.2015,17,15,11,44,8,45
5677,1.9.2015,49,8,28,41,48,22
5678,3.9.2015,31,22,9,4,38,5
5679,5.9.2015,7,8,48,12,2,43
5680,8.9.2015,33,40,9,18,5,36
5681,10.9.2015,29,44,9,18,4,26
5682,12.9.2015,46,35,5,12,15,32
5683,15.9.2015,39,16,49,12,3,24
5684,17.9.2015,37,36,2,25,41,15
5685,19.9.2015,30,3,25,6,35,44
5686,22.9.2015,47,32,48,41,7,39
5687,24.9.2015,17,42,32,20,37,44
5688,26.9.2015,8,43,14,13,34,41
5689,29.9.2015,41,30,45,47,26,48
5690,1.10.2015,39,17,20,38,26,28
5691,3.10.2015,9,10,30,37,48,35
5692,6.10.2015,33,6,22,14,46,5
5693,8.10.2015,23,26,31,4,38,12
5694,10.10.2015,10,26,7,22,3,43
5695,13.10.2015,23,27,34,1,49,41
5696,15.10.2015,41,49,46,40,47,42
5697,17.10.2015,42,14,4,6,5,41
5698,20.10.2015,1,45,40,5,12,18
5699,22.10.2015,14,34,16,26,28,4
5700,24.10.2015,29,39,28,45,21,17
5701,27.10.2015,37,46,20,38,2,35
5702,29.10.2015,13,37,20,25,49,46
5703,31.10.2015,48,39,3,19,46,7
5704,3.11.2015,29,43,32,15,26,25
5705,5.11.2015,37,9,3,7,20,17
5706,7.11.2015,8,7,38,14,40,26
5707,10.11.2015,35,5,15,10,6,30
5708,12.11.2015,44,10,33,7,18,43
5709,14.11.2015,44,25,37,23,26,17
5710,17.11.2015,45,12,27,38,17,7
5711,19.11.2015,24,1,41,20,28,23
5712,21.11.2015,44,32,39,46,12,5
5713,24.11.2015,23,20,26,2,45,48
5714,26.11.2015,4,22,35,14,42,20
5715,28.11.2015,12,25,45,36,18,14
5716,1.12.2015,38,21,39,5,47,31
5717,3.12.2015,32,39,35,17,41,44
5718,5.12.2015,11,44,47,46,3,37
5719,8.12.2015,18,24,43,41,47,44
5720,10.12.2015,19,17,25,32,1,15
5721,12.12.2015,27,26,30,4,5,34
5722,15.12.2015,10,33,29,2,18,7
5723,17.12.2015,28,17,18,19,21,12
5724,19.12.2015,33,21,40,44,22,11
5725,22.12.2015,28,19,49,6,2,43
5726,24.12.2015,16,37,12,22,1,8
5727,26.12.2015,2,12,35,38,29,32
5728,29.12.2015,34,35,24,48,38,12
5729,31.12.2015,6,8,37,16,41,23
5730,2.1.2016,21,2,35,36,12,39
5731,5.1.2016,2,19,18,47,48,42
5732,7.1.2016,17,26,42,33,27,24
5733,9.1.2016,27,2,7,21,5,1
5734,12.1.2016,7,42,4,19,45,10
5735,14.1.2016,33,4,38,3,8,26
5736,16.1.2016,2,4,41,35,18,40
5737,19.1.2016,2,39,16,22,30,19
5738,21.1.2016,6,46,2,27,28,35
5739,23.1.2016,39,6,24,16,36,34
5740,26.1.2016,48,32,13,22,9,45
5741,28.1.2016,42,8,15,13,32,22
5742,30.1.2016,21,47,16,44,45,25
5743,2.2.2016,35,18,23,36,33,7
5744,4.2.2016,7,4,42,46,16,22
5745,6.2.2016,5,23,44,11,48,8
5746,9.2.2016,24,25,29,47,45,35
5747,11.2.2016,9,34,6,16,10,44
5748,13.2.2016,9,47,32,38,23,21
5749,16.2.2016,9,19,22,5,44,20
5750,18.2.2016,30,25,13,47,9,5
5751,20.2.2016,41,42,40,43,20,3
5752,23.2.2016,24,1,30,4,26,27
5753,25.2.2016,33,36,5,30,2,48
5754,27.2.2016,37,4,6,38,24,20
5755,1.3.2016,31,30,7,3,44,48
5756,3.3.2016,3,31,16,13,22,18
5757,5.3.2016,48,32,45,39,38,40
5758,8.3.2016,41,48,38,12,15,5
5759,10.3.2016,14,3,49,23,40,35
5760,12.3.2016,7,4,48,17,2,41
5761,15.3.2016,32,17,20,25,2,9
5762,17.3.2016,46,7,8,31,10,3
5763,19.3.2016,26,2,18,41,36,11
5764,22.3.2016,21,41,20,27,5,7
5765,24.3.2016,13,14,23,35,44,15
5766,26.3.2016,11,33,7,25,19,41
5767,29.3.2016,7,46,8,43,9,47
5768,31.3.2016,32,8,49,12,19,22
5769,2.4.2016,10,7,8,37,47,28
5770,5.4.2016,24,38,23,29,32,13
5771,7.4.2016,21,29,35,34,23,33
5772,9.4.2016,43,36,47,20,25,32
5773,12.4.2016,41,13,32,40,37,19
5774,14.4.2016,8,10,40,41,43,15
5775,16.4.2016,12,7,9,48,26,18
5776,19.4.2016,21,28,27,40,3,39
5777,21.4.2016,41,5,44,34,11,32
5778,23.4.2016,43,39,21,31,41,3
5779,26.4.2016,14,39,20,48,45,17
5780,28.4.2016,7,38,19,16,14,43
5781,30.4.2016,39,44,26,23,40,49
5782,3.5.2016,48,2,15,31,38,40
5783,5.5.2016,27,37,1,44,18,47
5784,7.5.2016,20,14,30,11,27,35
5785,10.5.2016,34,31,3,24,36,28
5786,12.5.2016,14,8,37,4,35,19
5787,14.5.2016,24,8,7,45,37,44
5788,17.5.2016,37,17,18,31,7,33
5789,19.5.2016,8,17,30,5,4,25
5790,21.5.2016,25,34,11,47,32,12
5791,24.5.2016,47,26,46,3,23,13
5792,26.5.2016,21,46,34,10,48,8
5793,28.5.2016,29,28,18,16,14,9
5794,31.5.2016,30,16,4,12,27,28
5795,2.6.2016,9,36,49,19,29,28
5796,4.6.2016,20,37,39,5,19,49
5797,7.6.2016,44,1,40,42,6,43
5798,9.6.2016,41,47,24,35,33,11
5799,11.6.2016,4,7,5,3,34,41
5800,14.6.2016,2,26,44,13,37,1
5801,16.6.2016,16,20,26,13,24,37
5802,18.6.2016,28,30,9,27,48,5
5803,21.6.2016,11,45,2,16,15,20
5804,23.6.2016,3,27,49,6,45,14
5805,25.6.2016,22,42,30,48,36,29
5806,28.6.2016,10,48,9,14,4,32
5807,30.6.2016,33,46,14,17,13,6
5808,2.7.2016,16,4,45,30,35,40
5809,5.7.2016,35,27,29,17,45,10
5810,7.7.2016,2,38,46,13,30,12
5811,9.7.2016,19,16,14,34,37,43
5812,12.7.2016,2,23,42,9,7,47
5813,14.7.2016,38,45,29,11,24,40
5814,16.7.2016,5,46,30,28,40,36
5815,19.7.2016,41,23,16,38,29,32
5816,21.7.2016,41,49,6,31,42,4
5817,23.7.2016,21,20,37,42,16,11
5818,26.7.2016,40,26,30,8,22,20
5819,28.7.2016,41,29,22,7,1,9
5820,30.7.2016,3,10,42,12,35,5
5821,2.8.2016,7,46,14,9,48,20
5822,4.8.2016,14,18,4,27,2,41
5823,6.8.2016,14,31,43,8,26,3
5824,9.8.2016,25,7,3,20,43,48
5825,11.8.2016,25,20,8,39,7,46
5826,13.8.2016,46,6,4,23,8,21
5827,16.8.2016,46,19,49,41,5,7
5828,18.8.2016,10,13,49,23,28,32
5829,20.8.2016,30,11,32,40,16,6
5830,23.8.2016,18,25,24,48,4,10
5831,25.8.2016,35,37,34,8,7,48
5832,27.8.2016,2,31,24,22,11,5
5833,30.8.2016,42,44,38,9,3,19
5834,1.9.2016,13,8,29,44,38,32
5835,3.9.2016,44,37,2,20,49,47
5836,6.9.2016,6,4,17,49,2,34
5837,8.9.2016,6,18,28,11,7,34
5838,10.9.2016,34,36,42,44,10,25
5839,13.9.2016,1,20,43,3,35,14
5840,15.9.2016,25,48,26,33,31,2
5841,17.9.2016,17,5,45,16,10,44
5842,20.9.2016,34,25,22,17,27,37
5843,22.9.2016,41,38,12,45,43,36
5844,24.9.2016,46,9,15,28,6,5
5845,27.9.2016,1,42,44,21,27,5
5846,29.9.2016,36,48,6,13,23,46
5847,1.10.2016,33,30,32,5,37,46
5848,4.10.2016,33,20,13,38,16,36
5849,6.10.2016,22,25,19,7,21,41
5850,8.10.2016,19,16,28,46,7,37
5851,11.10.2016,43,3,7,16,12,10
5852,13.10.2016,49,28,38,18,45,21
5853,15.10.2016,17,9,21,38,29,25
5854,18.10.2016,15,46,19,44,24,47
5855,20.10.2016,42,39,41,1,11,46
5856,22.10.2016,12,25,15,29,18,11
5857,25.10.2016,28,32,21,34,16,9
5858,27.10.2016,2,35,24,9,43,21
5859,29.10.2016,49,44,1,29,28,37
5860,1.11.2016,26,45,3,6,43,37
5861,3.11.2016,7,38,22,26,17,8
5862,5.11.2016,22,17,25,7,6,42
5863,8.11.2016,31,45,44,24,5,8
5864,10.11.2016,47,29,46,11,48,7
5865,12.11.2016,10,24,11,47,33,35
5866,15.11.2016,10,38,4,24,22,6
5867,17.11.2016,10,17,19,34,46,41
5868,19.11.2016,49,11,34,3,48,5
5869,22.11.2016,2,22,48,17,20,46
5870,24.11.2016,40,27,12,1,17,2
5871,26.11.2016,46,6,44,43,49,13
5872,29.11.2016,29,8,15,5,41,24
5873,1.12.2016,36,29,16,42,20,49
5874,3.12.2016,8,22,47,38,41,29
5875,6.12.2016,42,18,48,46,45,49
5876,8.12.2016,16,20,6,48,49,24
5877,10.12.2016,18,13,38,3,21,23
5878,13.12.2016,42,46,41,12,2,16
5879,15.12.2016,28,4,24,31,6,7
5880,17.12.2016,7,45,33,48,37,47
5881,20.12.2016,37,49,31,18,11,25
5882,22.12.2016,23,20,48,36,43,25
5883,24.12.2016,7,25,14,19,28,8
5884,27.12.2016,15,30,49,27,25,14
5885,29.12.2016,16,27,28,36,6,31
5886,31.12.2016,37,6,20,46,3,18
5887,3.1.2017,24,35,1,2,7,21
5888,5.1.2017,15,21,5,48,24,32
5889,7.1.2017,35,6,44,10,28,41
5890,10.1.2017,45,28,49,17,20,43
5891,12.1.2017,47,45,49,25,5,27
5892,14.1.2017,40,28,48,6,30,26
5893,17.1.2017,11,34,7,8,13,5
5894,19.1.2017,11,48,28,37,33,12
5895,21.1.2017,27,40,10,47,4,42
5896,24.1.2017,36,31,17,37,46,42
5897,26.1.2017,39,42,12,41,6,47
5898,28.1.2017,26,11,20,48,8,37
5899,31.1.2017,38,26,25,43,48,6
5900,2.2.2017,21,28,35,34,38,46
5901,4.2.2017,2,37,20,46,11,33
5902,7.2.2017,34,29,31,11,43,46
5903,9.2.2017,16,9,22,26,49,20
5904,11.2.2017,44,14,25,12,47,5
5905,14.2.2017,38,34,22,46,7,36
5906,16.2.2017,40,49,48,5,19,8
5907,18.2.2017,27,15,13,10,31,28
5908,21.2.2017,4,8,20,13,47,41
5909,23.2.2017,25,18,8,14,7,30
5910,25.2.2017,28,2,45,40,14,47
5911,28.2.2017,6,45,1,33,40,23
5912,2.3.2017,47,24,16,25,26,5
5913,4.3.2017,15,34,28,44,13,22
5914,7.3.2017,44,22,13,16,4,29
5915,9.3.2017,28,1,29,43,16,34
5916,11.3.2017,45,49,22,33,44,25
5917,14.3.2017,5,49,41,12,34,47
5918,16.3.2017,10,45,25,9,44,35
5919,18.3.2017,16,18,37,20,25,23
5920,21.3.2017,41,23,43,21,8,39
5921,23.3.2017,21,42,32,38,44,14
5922,25.3.2017,3,36,23,47,7,38
5923,28.3.2017,38,26,2,42,16,28
5924,30.3.2017,6,23,18,30,25,34
5925,1.4.2017,17,40,30,44,41,21
5926,4.4.2017,36,46,8,49,6,14
5927,6.4.2017,32,12,16,21,42,45
5928,8.4.2017,6,32,2,31,9,13
5929,11.4.2017,37,6,9,41,13,43
5930,13.4.2017,45,47,42,2,24,14
5931,15.4.2017,1,17,42,5,37,36
5932,18.4.2017,16,13,17,45,29,42
5933,20.4.2017,17,4,27,42,15,8
5934,22.4.2017,22,45,33,42,37,38
5935,25.4.2017,34,15,7,27,18,20
5936,27.4.2017,48,44,27,6,15,31
5937,29.4.2017,11,6,3,7,46,41
5938,2.5.2017,14,16,19,7,25,15
5939,4.5.2017,25,14,49,38,7,44
5940,6.5.2017,3,14,49,43,7,9
5941,9.5.2017,48,3,28,32,34,17
5942,11.5.2017,3,23,28,22,38,43
5943,13.5.2017,23,6,44,37,11,46
5944,16.5.2017,29,36,27,32,25,6
5945,18.5.2017,17,47,34,4,40,24
5946,20.5.2017,19,10,34,11,24,12
5947,23.5.2017,13,27,26,19,11,4
5948,25.5.2017,26,2,43,4,11,24
5949,27.5.2017,32,6,1,27,36,26
5950,30.5.2017,9,32,34,36,8,17
5951,1.6.2017,4,32,5,25,2,49
5952,3.6.2017,1,27,47,14,7,15
5953,6.6.2017,23,21,12,37,16,24
5954,8.6.2017,26,22,39,45,37,48
5955,10.6.2017,35,17,36,41,6,8
5956,13.6.2017,40,27,9,48,24,30
5957,15.6.2017,4,21,10,46,40,36
5958,17.6.2017,11,10,7,23,5,34
5959,20.6.2017,19,49,41,24,20,3
5960,22.6.2017,14,15,11,36,16,13
5961,24.6.2017,4,1,32,31,41,25
5962,27.6.2017,11,39,38,1,5,2
5963,29.6.2017,46,31,48,12,49,23
5964,1.7.2017,22,30,40,28,12,47
5965,4.7.2017,32,38,49,28,33,45
5966,6.7.2017,36,11,1,34,30,14
5967,8.7.2017,34,46,14,38,43,30
5968,11.7.2017,23,48,1,3,17,34
5969,13.7.2017,9,8,2,36,44,32
5970,15.7.2017,46,11,10,39,18,3
5971,18.7.2017,13,25,44,32,10,18
5972,20.7.2017,31,14,6,28,34,44
5973,22.7.2017,6,4,9,35,30,27
5974,25.7.2017,35,22,39,32,30,11
5975,27.7.2017,38,36,28,15,39,46
5976,29.7.2017,10,29,24,40,32,4
5977,1.8.2017,27,23,33,19,12,15
5978,3.8.2017,15,44,31,38,34,41
5979,5.8.2017,10,20,23,47,35,49
5980,8.8.2017,30,1,28,37,34,38
5981,10.8.2017,24,13,36,34,47,39
5982,12.8.2017,25,47,8,37,36,30
5983,15.8.2017,10,35,34,3,23,44
5984,17.8.2017,13,36,38,10,19,7
5985,19.8.2017,46,36,27,15,35,4
5986,22.8.2017,15,48,28,36,31,11
5987,24.8.2017,34,45,29,43,9,35
5988,26.8.2017,37,10,23,41,9,47
5989,29.8.2017,37,39,38,21,34,4
5990,31.8.2017,42,9,34,41,10,6
5991,2.9.2017,41,26,14,29,20,34
5992,5.9.2017,24,40,38,21,6,47
5993,7.9.2017,1,18,15,45,38,2
5994,9.9.2017,6,42,16,33,41,34
5995,12.9.2017,27,34,24,45,42,5
5996,14.9.2017,27,9,37,40,42,46
5997,16.9.2017,23,2,4,37,38,28
5998,19.9.2017,35,3,15,32,31,16
5999,21.9.2017,21,40,6,49,42,47
6000,23.9.2017,23,11,46,37,44,22
6001,26.9.2017,4,15,28,29,41,30
6002,28.9.2017,10,34,8,35,37,48
6003,30.9.2017,3,34,25,38,39,35
6004,3.10.2017,36,30,12,1,10,2
6005,5.10.2017,38,13,10,42,22,9
6006,7.10.2017,29,23,26,7,32,44
6007,10.10.2017,4,46,22,6,40,38
6008,12.10.2017,40,34,8,20,9,25
6009,14.10.2017,14,28,32,3,46,34
6010,17.10.2017,43,48,41,39,34,11
6011,19.10.2017,34,22,24,38,14,25
6012,21.10.2017,46,42,14,6,44,26
6013,24.10.2017,15,5,20,31,49,21
6014,26.10.2017,22,2,10,37,28,16
6015,28.10.2017,14,6,21,13,39,15
6016,31.10.2017,28,44,16,27,3,13
6017,2.11.2017,40,8,9,20,18,31
6018,4.11.2017,2,7,23,4,46,8
6019,7.11.2017,30,8,18,27,2,46
6020,9.11.2017,6,24,45,26,31,19
6021,11.11.2017,46,14,31,3,38,11
6022,14.11.2017,28,8,34,41,20,7
6023,16.11.2017,48,33,45,17,8,4
6024,18.11.2017,39,28,40,17,1,19
6025,21.11.2017,47,46,33,30,23,28
6026,23.11.2017,29,27,18,20,7,2
6027,25.11.2017,21,31,9,13,16,17
6028,28.11.2017,27,49,2,14,8,3
6029,30.11.2017,25,22,37,43,19,14
6030,2.12.2017,2,4,22,8,5,26
6031,5.12.2017,20,45,33,21,1,3
6032,7.12.2017,34,21,49,31,45,42
6033,9.12.2017,6,47,22,4,1,18
6034,12.12.2017,45,49,31,16,21,40
6035,14.12.2017,12,15,40,32,34,19
6036,16.12.2017,13,27,41,1,33,31
6037,19.12.2017,40,35,34,31,9,13
6038,21.12.2017,22,33,49,3,45,39
6039,23.12.2017,43,6,13,14,3,34
6040,26.12.2017,3,17,27,30,4,9
6041,28.12.2017,40,3,7,2,38,25
6042,30.12.2017,21,43,1,12,48,17
6043,2.1.2018,6,18,1,31,28,10
6044,4.1.2018,47,4,8,26,30,9
6045,6.1.2018,9,21,39,23,46,35
6046,9.1.2018,21,2,1,27,12,49
6047,11.1.2018,14,39,27,25,21,30
6048,13.1.2018,41,31,39,18,10,9
6049,16.1.2018,24,27,5,15,4,21
6050,18.1.2018,35,15,45,49,2,1
6051,20.1.2018,27,37,25,22,36,24
6052,23.1.2018,17,13,45,44,29,22
6053,25.1.2018,38,23,1,29,3,49
6054,27.1.2018,34,44,40,24,12,36
6055,30.1.2018,21,4,2,49,48,43
6056,1.2.2018,44,15,8,13,9,41
6057,3.2.2018,13,40,43,49,22,16
6058,6.2.2018,46,39,35,32,40,3
6059,8.2.2018,17,24,20,43,5,39
6060,10.2.2018,10,26,21,9,29,4
6061,13.2.2018,29,34,11,31,36,25
6062,15.2.2018,36,43,21,1,7,37
6063,17.2.2018,6,36,14,33,42,30
6064,20.2.2018,34,17,20,43,37,5
6065,22.2.2018,40,30,43,18,49,11
6066,24.2.2018,11,4,1,37,5,44
6067,27.2.2018,19,8,36,21,18,42
6068,1.3.2018,21,43,28,24,33,44
6069,3.3.2018,40,26,21,1,12,17
6070,6.3.2018,27,23,25,26,12,16
6071,8.3.2018,20,6,35,29,40,42
6072,10.3.2018,47,36,2,49,28,34
6073,13.3.2018,17,46,14,10,22,21
6074,15.3.2018,36,19,8,28,9,46
6075,17.3.2018,34,49,39,13,25,32
6076,20.3.2018,15,21,28,8,14,48
6077,22.3.2018,28,23,25,36,37,49
6078,24.3.2018,47,19,38,26,16,36
6079,27.3.2018,11,1,20,21,34,35
6080,29.3.2018,7,41,45,23,39,2
6081,31.3.2018,27,49,29,38,44,37
6082,3.4.2018,13,4,7,20,32,14
6083,5.4.2018,25,36,4,17,46,14
6084,7.4.2018,46,35,10,43,32,22
6085,10.4.2018,6,18,40,39,44,13
6086,12.4.2018,32,3,7,41,22,6
6087,14.4.2018,26,8,2,1,32,40
6088,17.4.2018,29,45,1,7,9,35
6089,19.4.2018,13,15,38,4,6,22
6090,21.4.2018,21,10,5,36,34,16
6091,24.4.2018,30,25,20,44,15,35
6092,26.4.2018,1,37,10,15,11,39
6093,28.4.2018,11,35,32,28,46,33
6094,1.5.2018,29,25,4,1,7,48
6095,3.5.2018,44,11,20,26,4,16
6096,5.5.2018,46,31,15,10,20,12
6097,8.5.2018,40,16,37,12,36,9
6098,10.5.2018,43,3,27,17,24,46
6099,12.5.2018,24,17,14,6,2,40
6100,15.5.2018,49,44,47,7,15,27
6101,17.5.2018,35,4,8,5,15,10
6102,19.5.2018,29,27,9,2,11,31
6103,22.5.2018,29,24,42,36,18,5
6104,24.5.2018,12,17,9,23,18,2
6105,26.5.2018,37,22,15,10,6,23
6106,29.5.2018,22,40,30,7,24,45
6107,31.5.2018,2,10,37,41,22,1
6108,2.6.2018,3,27,8,19,36,12
6109,5.6.2018,41,8,46,30,1,39
6110,7.6.2018,26,32,23,31,30,35
6111,9.6.2018,39,46,26,41,21,2
6112,12.6.2018,30,15,43,19,13,38
6113,14.6.2018,39,10,42,25,49,31
6114,16.6.2018,10,43,9,4,16,42
6115,19.6.2018,4,34,23,40,3,46
6116,21.6.2018,30,6,22,9,39,34
6117,23.6.2018,11,6,44,15,42,40
6118,26.6.2018,22,25,19,23,15,38
6119,28.6.2018,31,47,18,30,25,23
6120,30.6.2018,9,44,21,11,30,32
6121,3.7.2018,31,46,3,16,20,48
6122,5.7.2018,15,21,4,16,36,28
6123,7.7.2018,43,10,44,7,34,25
6124,10.7.2018,25,18,4,46,37,15
6125,12.7.2018,25,3,13,38,44,24
6126,14.7.2018,49,33,3,28,32,2
6127,17.7.2018,38,43,47,49,12,30
6128,19.7.2018,1,29,35,27,2,40
6129,21.7.2018,40,8,19,25,24,41
6130,24.7.2018,39,37,47,4,15,5
6131,26.7.2018,26,1,47,31,25,30
6132,28.7.2018,49,41,26,32,18,21
6133,31.7.2018,40,36,3,6,5,24
6134,2.8.2018,20,47,48,5,44,7
6135,4.8.2018,22,25,15,16,6,33
6136,7.8.2018,24,22,46,39,8,28
6137,9.8.2018,29,15,44,48,35,34
6138,11.8.2018,35,27,17,22,3,39
6139,14.8.2018,25,47,2,27,14,43
6140,16.8.2018,10,31,25,44,38,20
6141,18.8.2018,1,26,42,25,8,17
6142,21.8.2018,43,5,40,9,27,7
6143,23.8.2018,16,10,33,38,14,40
6144,25.8.2018,37,47,33,36,46,34
6145,28.8.2018,1,18,29,4,21,30
6146,30.8.2018,42,9,27,3,38,41
6147,1.9.2018,9,44,14,48,15,42
6148,4.9.2018,46,19,10,7,20,25
6149,6.9.2018,25,33,27,45,5,14
6150,8.9.2018,29,36,23,45,24,5
6151,11.9.2018,37,21,42,36,17,27
6152,13.9.2018,31,27,15,8,14,23
6153,15.9.2018,37,29,12,16,4,36
6154,18.9.2018,38,24,42,36,7,21
6155,20.9.2018,14,13,25,7,1,28
6156,22.9.2018,30,8,34,23,4,27
6157,25.9.2018,46,10,7,17,12,38
6158,27.9.2018,43,37,39,15,11,9
6159,29.9.2018,7,13,43,34,25,28
6160,2.10.2018,34,45,26,10,7,44
6161,4.10.2018,21,27,10,24,12,38
6162,6.10.2018,23,48,17,34,24,12
6163,9.10.2018,17,15,38,9,1,3
6164,11.10.2018,45,29,14,24,4,20
6165,13.10.2018,24,1,11,4,45,6
6166,16.10.2018,25,45,12,15,38,31
6167,18.10.2018,23,45,5,33,15,35
6168,20.10.2018,23,17,35,11,8,22
6169,23.10.2018,43,3,23,16,31,12
6170,25.10.2018,25,41,33,10,49,39
6171,27.10.2018,34,21,15,40,46,43
6172,30.10.2018,36,22,2,14,24,26
6173,1.11.2018,27,19,12,47,1,23
6174,3.11.2018,5,4,18,36,26,2
6175,6.11.2018,17,15,1,13,12,27
6176,8.11.2018,22,21,23,10,4,26
6177,10.11.2018,3,31,46,36,15,14
6178,13.11.2018,45,42,29,48,15,30
6179,15.11.2018,8,48,25,27,30,31
6180,17.11.2018,42,16,20,4,26,40
6181,20.11.2018,27,5,21,24,36,12
6182,22.11.2018,14,1,21,19,9,46
6183,24.11.2018,32,14,48,13,49,24
6184,27.11.2018,25,48,32,42,19,12
6185,29.11.2018,44,14,9,36,27,42
6186,1.12.2018,30,3,37,45,1,8
6187,4.12.2018,18,40,39,26,30,17
6188,6.12.2018,35,21,27,24,2,36
6189,8.12.2018,42,9,28,46,43,40
6190,11.12.2018,38,3,8,31,6,16
6191,13.12.2018,6,28,32,34,10,4
6192,15.12.2018,12,13,28,45,16,24
6193,18.12.2018,38,8,43,39,20,11
6194,20.12.2018,47,44,17,29,1,3
6195,22.12.2018,36,39,47,31,45,15
6196,25.12.2018,6,35,13,39,47,40
6197,27.12.2018,42,5,8,33,10,48
6198,29.12.2018,34,24,33,3,15,9
6199,1.1.2019,44,6,24,47,20,33
6200,3.1.2019,37,22,44,14,2,21
6201,5.1.2019,22,18,21,7,26,16
6202,8.1.2019,45,21,17,26,42,4
6203,10.1.2019,2,13,38,42,46,10
6204,12.1.2019,10,15,49,14,5,2
6205,15.1.2019,49,32,17,5,26,15
6206,17.1.2019,13,39,14,6,7,42
6207,19.1.2019,32,14,21,12,30,43
6208,22.1.2019,44,1,10,38,14,36
6209,24.1.2019,12,33,40,6,10,22
6210,26.1.2019,45,41,1,49,7,16
6211,29.1.2019,21,8,19,22,12,38
6212,31.1.2019,28,38,7,36,32,16
6213,2.2.2019,32,24,4,27,37,39
6214,5.2.2019,14,39,47,37,11,48
6215,7.2.2019,41,45,32,11,44,1
6216,9.2.2019,1,24,8,15,17,46
6217,12.2.2019,9,27,49,17,2,8
6218,14.2.2019,25,12,48,33,29,1
6219,16.2.2019,29,42,18,4,17,33
6220,19.2.2019,14,23,29,11,44,3
6221,21.2.2019,49,9,16,7,48,8
6222,23.2.2019,13,2,16,27,5,12
6223,26.2.2019,34,29,49,36,4,8
6224,28.2.2019,7,46,6,16,42,32
6225,2.3.2019,17,25,36,16,3,20
6226,5.3.2019,19,29,12,25,1,31
6227,7.3.2019,19,25,1,41,18,31
6228,9.3.2019,43,4,6,41,15,18
6229,12.3.2019,3,26,17,11,34,36
6230,14.3.2019,23,21,3,17,46,22
6231,16.3.2019,18,38,37,13,45,24
6232,19.3.2019,48,25,1,6,31,30
6233,21.3.2019,32,37,16,27,41,40
6234,23.3.2019,24,15,26,31,19,21
6235,26.3.2019,17,24,46,26,14,9
6236,28.3.2019,36,25,8,38,7,37
6237,30.3.2019,31,27,37,45,9,34
6238,2.4.2019,34,39,7,3,9,17
6239,4.4.2019,47,3,18,44,38,22
6240,6.4.2019,40,14,8,23,32,17
6241,9.4.2019,23,34,17,49,38,12
6242,11.4.2019,46,26,34,19,47,16
6243,13.4.2019,44,48,45,47,20,2
6244,16.4.2019,36,28,38,1,3,9
6245,18.4.2019,9,8,11,41,47,22
6246,20.4.2019,35,48,5,26,27,42
6247,23.4.2019,3,39,42,14,18,8
6248,25.4.2019,25,32,39,8,19,28
6249,27.4.2019,42,3,21,17,5,30
6250,30.4.2019,18,20,49,38,39,23
6251,2.5.2019,11,29,7,9,46,18
6252,4.5.2019,6,27,9,7,18,46
6253,7.5.2019,36,16,8,6,48,2
6254,9.5.2019,42,32,24,26,38,31
6255,11.5.2019,44,20,11,41,8,4
6256,14.5.2019,16,13,29,25,22,32
6257,16.5.2019,9,15,31,26,49,47
6258,18.5.2019,21,45,1,46,16,20
6259,21.5.2019,4,24,18,29,8,32
6260,23.5.2019,12,2,10,18,4,43
6261,25.5.2019,30,8,38,18,28,47
6262,28.5.2019,26,41,45,23,35,32
6263,30.5.2019,39,18,22,15,13,24
6264,1.6.2019,31,40,34,20,45,13
6265,4.6.2019,18,38,31,9,6,10
6266,6.6.2019,23,9,11,46,42,1
6267,8.6.2019,12,49,9,8,33,30
6268,11.6.2019,34,11,48,12,32,7
6269,13.6.2019,36,9,37,21,40,39
6270,15.6.2019,26,23,44,43,7,21
6271,18.6.2019,4,2,44,15,49,17
6272,20.6.2019,27,31,5,9,46,20
6273,22.6.2019,35,3,43,36,22,41
6274,25.6.2019,9,25,18,33,14,40
6275,27.6.2019,43,19,6,8,3,20
6276,29.6.2019,10,11,15,5,23,31
6277,2.7.2019,29,42,40,18,46,3
6278,4.7.2019,8,30,36,24,27,46
6279,6.7.2019,41,14,19,33,39,38
6280,9.7.2019,13,25,5,26,19,3
6281,11.7.2019,23,4,49,6,11,40
6282,13.7.2019,13,9,28,25,43,40
6283,16.7.2019,1,5,15,10,30,27
6284,18.7.2019,2,15,13,8,21,27
6285,20.7.2019,31,20,25,16,11,40
6286,23.7.2019,8,19,41,43,22,1
6287,25.7.2019,16,27,13,10,18,5
6288,27.7.2019,48,44,2,38,1,34
6289,30.7.2019,16,8,28,7,41,13
6290,1.8.2019,1,11,5,15,43,14
6291,3.8.2019,29,23,42,18,38,1
6292,6.8.2019,43,40,34,15,19,42
6293,8.8.2019,45,5,35,4,9,27
6294,10.8.2019,39,35,14,26,17,46
6295,13.8.2019,47,14,3,49,10,31
6296,15.8.2019,15,30,21,20,12,10
6297,17.8.2019,24,6,35,45,5,8
6298,20.8.2019,22,29,35,9,19,15
6299,22.8.2019,7,44,28,26,20,12
6300,24.8.2019,48,40,18,27,13,23
6301,27.8.2019,12,40,14,37,11,30
6302,29.8.2019,43,8,22,36,16,25
6303,31.8.2019,32,24,16,34,13,25
6304,3.9.2019,43,36,5,6,7,11
6305,5.9.2019,46,45,43,24,5,6
6306,7.9.2019,1,10,2,18,21,8
6307,10.9.2019,33,11,29,34,3,17
6308,12.9.2019,9,27,4,3,47,31
6309,14.9.2019,15,31,49,26,11,13
6310,17.9.2019,39,35,33,49,41,38
6311,19.9.2019,35,5,1,31,30,49
6312,21.9.2019,26,3,37,10,2,16
6313,24.9.2019,35,14,17,1,3,18
6314,26.9.2019,8,4,24,30,33,27
6315,28.9.2019,6,48,35,20,32,10
6316,1.10.2019,4,5,48,6,2,20
6317,3.10.2019,30,1,16,20,6,19
6318,5.10.2019,4,29,27,9,20,31
6319,8.10.2019,10,23,11,27,40,41
6320,10.10.2019,9,10,36,5,2,6
6321,12.10.2019,33,4,26,25,9,15
6322,15.10.2019,15,14,6,20,37,33
6323,17.10.2019,4,3,2,17,11,18
6324,19.10.2019,35,49,1,12,3,11
6325,22.10.2019,47,28,45,40,34,7
6326,24.10.2019,8,34,23,32,26,17
6327,26.10.2019,41,26,37,42,47,24
6328,29.10.2019,27,7,6,44,43,15
6329,31.10.2019,12,38,23,22,36,48
6330,2.11.2019,19,16,28,40,48,2
6331,5.11.2019,49,42,44,9,31,33
6332,7.11.2019,16,7,45,11,34,38
6333,9.11.2019,3,36,34,31,39,23
6334,12.11.2019,9,20,34,42,40,43
6335,14.11.2019,35,20,22,9,45,4
6336,16.11.2019,5,20,27,24,41,16
6337,19.11.2019,15,21,16,49,40,14
6338,21.11.2019,10,34,2,49,27,35
6339,23.11.2019,43,3,49,39,8,18
6340,26.11.2019,34,29,3,38,32,7
6341,28.11.2019,9,23,29,6,1,13
6342,30.11.2019,14,11,4,28,41,25
6343,3.12.2019,12,46,13,16,45,10
6344,5.12.2019,7,10,25,26,13,12
6345,7.12.2019,3,29,46,37,48,36
6346,10.12.2019,25,28,23,37,35,48
6347,12.12.2019,49,38,22,27,41,24
6348,14.12.2019,48,42,27,19,15,45
6349,17.12.2019,22,6,35,37,14,11
6350,19.12.2019,6,32,5,28,46,15
6351,21.12.2019,47,46,22,30,6,14
6352,24.12.2019,22,13,28,7,2,40
6353,26.12.2019,18,1,34,49,47,45
6354,28.12.2019,26,19,8,31,29,43
6355,31.12.2019,35,40,21,48,10,24
6356,2.1.2020,15,12,30,14,38,7
6357,4.1.2020,15,10,16,26,39,22
6358,7.1.2020,38,37,25,19,17,10
6359,9.1.2020,7,33,49,21,15,23
6360,11.1.2020,10,39,35,38,48,33
6361,14.1.2020,36,37,21,43,44,18
6362,16.1.2020,29,45,1,20,44,43
6363,18.1.2020,42,9,30,15,38,32
6364,21.1.2020,39,11,19,23,22,16
6365,23.1.2020,22,46,41,40,23,33
6366,25.1.2020,30,46,9,19,16,11
6367,28.1.2020,20,10,32,35,12,37
6368,30.1.2020,49,45,4,40,28,14
6369,1.2.2020,25,24,11,15,16,10
6370,4.2.2020,41,25,6,43,19,20
6371,6.2.2020,6,27,41,12,42,15
6372,8.2.2020,7,46,16,48,25,29
6373,11.2.2020,5,17,49,23,36,47
6374,13.2.2020,2,26,40,14,22,16
6375,15.2.2020,25,27,40,7,10,35
6376,18.2.2020,10,38,22,31,2,19
6377,20.2.2020,2,46,8,21,30,39
6378,22.2.2020,44,4,35,6,15,43
6379,25.2.2020,6,49,16,19,27,5
6380,27.2.2020,20,1,18,47,24,46
6381,29.2.2020,12,39,6,38,40,15
6382,3.3.2020,17,16,13,38,46,45
6383,5.3.2020,49,21,7,34,4,47
6384,7.3.2020,49,7,43,46,47,27
6385,10.3.2020,25,44,6,32,41,35
6386,12.3.2020,22,13,42,46,1,32
6387,14.3.2020,26,1,36,34,11,19
6388,17.3.2020,10,17,5,47,37,19
6389,19.3.2020,25,41,20,19,1,24
6390,21.3.2020,28,6,49,24,13,15
6391,24.3.2020,13,26,40,8,20,14
6392,26.3.2020,5,45,18,23,2,19
6393,28.3.2020,38,7,21,33,23,29
6394,31.3.2020,11,6,42,17,49,22
6395,2.4.2020,30,1,27,11,22,16
6396,4.4.2020,10,30,6,33,48,8
6397,7.4.2020,26,38,21,15,43,33
6398,9.4.2020,26,37,3,14,13,38
6399,11.4.2020,45,27,37,41,14,19
6400,14.4.2020,21,43,8,33,15,9
6401,16.4.2020,6,36,23,2,7,49
6402,18.4.2020,38,32,33,1,44,22
6403,21.4.2020,16,20,11,1,10,21
6404,23.4.2020,1,20,49,3,39,47
6405,25.4.2020,3,19,13,40,42,25
6406,28.4.2020,38,44,13,23,24,9
6407,30.4.2020,17,23,26,32,30,10
6408,2.5.2020,42,44,11,25,38,16
6409,5.5.2020,29,49,28,21,39,45
6410,7.5.2020,7,29,1,3,35,17
6411,9.5.2020,36,28,8,40,37,32
6412,12.5.2020,1,46,18,34,38,27
6413,14.5.2020,43,37,46,23,6,41
6414,16.5.2020,1,38,30,17,31,9
6415,19.5.2020,15,30,45,12,19,47
6416,21.5.2020,43,28,4,37,38,3
6417,23.5.2020,16,27,19,15,10,38
6418,26.5.2020,14,21,24,9,27,20
6419,28.5.2020,35,4,16,12,34,26
6420,30.5.2020,43,12,39,15,16,38
6421,2.6.2020,49,39,11,19,47,48
6422,4.6.2020,37,17,19,31,2,4
6423,6.6.2020,17,4,30,47,43,25
6424,9.6.2020,38,47,49,23,7,15
6425,11.6.2020,6,49,8,9,44,23
6426,13.6.2020,16,27,31,4,25,46
6427,16.6.2020,36,4,17,11,30,23
6428,18.6.2020,7,10,9,46,30,15
6429,20.6.2020,3,14,49,41,45,37
6430,23.6.2020,9,25,1,48,41,42
6431,25.6.2020,42,35,41,43,48,49
6432,27.6.2020,8,37,41,30,43,32
6433,30.6.2020,3,19,13,40,35,43
6434,2.7.2020,1,19,12,3,40,4
6435,4.7.2020,37,10,3,40,17,22
6436,7.7.2020,12,18,27,4,28,22
6437,9.7.2020,9,20,1,12,45,32
6438,11.7.2020,34,13,31,40,6,36
6439,14.7.2020,46,1,26,7,28,17
6440,16.7.2020,5,9,39,44,33,27
6441,18.7.2020,44,32,21,3,15,6
6442,21.7.2020,49,23,8,24,10,25
6443,23.7.2020,5,6,46,7,36,10
6444,25.7.2020,9,12,48,45,17,24
6445,28.7.2020,11,1,25,28,43,16
6446,30.7.2020,46,8,43,40,3,4
6447,1.8.2020,48,44,39,29,30,8
6448,4.8.2020,38,11,22,17,1,7
6449,6.8.2020,32,5,28,1,25,7
6450,8.8.2020,35,31,22,2,4,26
6451,11.8.2020,17,41,12,19,25,3
6452,13.8.2020,38,11,14,26,12,48
6453,15.8.2020,21,9,17,27,34,24
6454,18.8.2020,38,10,3,33,16,48
6455,20.8.2020,38,16,37,2,8,5
6456,22.8.2020,26,43,18,31,22,30
6457,25.8.2020,11,43,14,39,41,21
6458,27.8.2020,35,3,6,36,25,23
6459,29.8.2020,32,12,20,23,26,25
6460,1.9.2020,19,49,9,18,39,47
6461,3.9.2020,27,21,11,31,39,28
6462,5.9.2020,14,21,39,27,5,31
6463,8.9.2020,28,42,31,29,33,23
6464,10.9.2020,46,16,23,11,14,40
6465,12.9.2020,32,41,25,33,24,17
6466,15.9.2020,40,8,23,48,12,21
6467,17.9.2020,19,18,14,31,30,33
6468,19.9.2020,13,47,26,23,43,21
6469,22.9.2020,47,38,16,27,30,20
6470,24.9.2020,23,12,14,40,28,21
6471,26.9.2020,2,14,41,16,32,10
6472,29.9.2020,21,16,30,20,39,40
6473,1.10.2020,24,25,18,35,49,16
6474,3.10.2020,15,41,47,44,35,28
6475,6.10.2020,20,27,5,25,15,47
6476,8.10.2020,18,16,21,1,27,42
6477,10.10.2020,16,18,26,42,31,4
6478,13.10.2020,8,26,32,3,16,33
6479,15.10.2020,2,1,13,25,36,19
6480,17.10.2020,25,46,37,26,19,28
6481,20.10.2020,29,41,27,4,49,35
6482,22.10.2020,36,31,33,20,26,4
6483,24.10.2020,35,37,36,27,39,43
6484,27.10.2020,14,9,31,3,5,30
6485,29.10.2020,23,30,14,4,28,22
6486,31.10.2020,44,10,17,38,14,27
6487,3.11.2020,3,25,45,10,33,6
6488,5.11.2020,26,7,47,49,21,14
6489,7.11.2020,9,25,19,28,27,10
6490,10.11.2020,46,19,10,23,25,33
6491,12.11.2020,22,28,8,15,3,5
6492,14.11.2020,12,27,48,20,44,1
6493,17.11.2020,33,1,46,8,2,47
6494,19.11.2020,32,17,37,5,16,8
6495,21.11.2020,2,10,40,28,15,39
6496,24.11.2020,12,7,2,8,39,32
6497,26.11.2020,28,43,3,32,38,13
6498,28.11.2020,5,2,40,42,18,27
6499,1.12.2020,38,39,24,30,46,6
6500,3.12.2020,43,44,18,19,28,46
6501,5.12.2020,16,23,2,24,33,19
6502,8.12.2020,5,31,20,29,24,39
6503,10.12.2020,22,20,3,6,15,38
6504,12.12.2020,5,43,8,33,20,31
6505,15.12.2020,49,25,40,19,12,13
6506,17.12.2020,45,37,47,6,33,7
6507,19.12.2020,20,33,29,46,40,13
6508,22.12.2020,24,4,26,14,25,41
6509,24.12.2020,27,22,24,19,26,40
6510,26.12.2020,24,47,16,19,25,31
6511,29.12.2020,37,17,1,23,45,48
6512,31.12.2020,1,25,21,27,42,39
6513,2.1.2021,21,16,17,8,26,27
6514,5.1.2021,35,9,33,15,47,48
6515,7.1.2021,12,38,32,41,9,28
6516,9.1.2021,9,36,25,24,41,14
6517,12.1.2021,5,32,38,10,37,35
6518,14.1.2021,27,2,9,10,4,31
6519,16.1.2021,37,25,46,11,32,48
6520,19.1.2021,2,43,41,22,38,6
6521,21.1.2021,27,25,48,12,18,28
6522,23.1.2021,17,13,48,35,39,43
6523,26.1.2021,47,13,17,41,20,25
6524,28.1.2021,14,41,48,22,23,49
6525,30.1.2021,47,39,18,36,1,48
6526,2.2.2021,42,20,38,9,45,39
6527,4.2.2021,37,41,29,23,49,31
6528,6.2.2021,41,29,11,7,33,31
6529,9.2.2021,23,49,46,26,17,42
6530,11.2.2021,44,6,8,18,14,31
6531,13.2.2021,16,46,36,8,2,30
6532,16.2.2021,41,3,18,16,34,13
6533,18.2.2021,19,18,2,35,22,25
6534,20.2.2021,25,46,33,27,3,20
6535,23.2.2021,20,22,11,15,27,4
6536,25.2.2021,3,14,46,7,40,18
6537,27.2.2021,37,42,22,48,40,1
6538,2.3.2021,45,46,37,18,17,43
6539,4.3.2021,30,25,37,22,34,43
6540,6.3.2021,10,6,17,15,27,16
6541,9.3.2021,32,15,48,43,37,20
6542,11.3.2021,5,40,18,33,2,17
6543,13.3.2021,8,43,17,14,42,47
6544,16.3.2021,48,3,28,4,24,27
6545,18.3.2021,47,43,5,18,24,1
6546,20.3.2021,2,3,5,48,9,31
6547,23.3.2021,19,11,16,7,48,12
6548,25.3.2021,44,46,19,43,34,5
6549,27.3.2021,2,31,46,25,38,34
6550,30.3.2021,6,36,9,10,11,38
6551,1.4.2021,44,32,27,7,36,30
6552,3.4.2021,31,8,45,47,9,30
6553,6.4.2021,29,26,17,28,24,8
6554,8.4.2021,45,42,31,33,36,41
6555,10.4.2021,38,41,44,32,29,34
6556,13.4.2021,30,38,12,5,25,29
6557,15.4.2021,42,22,45,5,49,14
6558,17.4.2021,4,36,41,14,29,16
6559,20.4.2021,5,33,10,12,45,1
6560,22.4.2021,30,11,26,44,10,1
6561,24.4.2021,47,39,21,38,41,23
6562,27.4.2021,48,36,43,2,5,27
6563,29.4.2021,49,31,42,43,44,5
6564,1.5.2021,11,3,44,22,15,43
6565,4.5.2021,31,27,11,10,37,24
6566,6.5.2021,3,24,16,46,49,42
6567,8.5.2021,47,36,13,10,8,44
6568,11.5.2021,34,29,22,31,19,42
6569,13.5.2021,15,6,2,17,3,13
6570,15.5.2021,26,42,37,15,13,5
6571,18.5.2021,41,23,49,3,34,45
6572,20.5.2021,43,48,35,45,46,30
6573,22.5.2021,21,23,38,35,3,8
6574,25.5.2021,19,11,49,24,39,29
6575,27.5.2021,47,41,5,17,42,31
6576,29.5.2021,22,3,15,14,46,41
6577,1.6.2021,44,28,45,16,38,39
6578,3.6.2021,15,41,2,1,36,49
6579,5.6.2021,2,22,1,3,24,43
6580,8.6.2021,27,3,29,19,20,40
6581,10.6.2021,3,46,41,4,31,14
6582,12.6.2021,19,21,37,22,16,1
6583,15.6.2021,46,30,1,24,2,49
6584,17.6.2021,48,24,19,20,46,17
6585,19.6.2021,31,13,47,34,3,43
6586,22.6.2021,25,23,44,9,14,10
6587,24.6.2021,39,19,35,29,47,14
6588,26.6.2021,49,44,30,2,14,34
6589,29.6.2021,39,1,25,16,34,36
6590,1.7.2021,33,38,19,10,44,3
6591,3.7.2021,49,40,43,17,29,33
6592,6.7.2021,3,44,42,32,2,33
6593,8.7.2021,24,18,8,29,4,47
6594,10.7.2021,16,45,31,1,4,36
6595,13.7.2021,37,8,1,11,26,47
6596,15.7.2021,5,19,33,12,24,45
6597,17.7.2021,13,22,30,8,21,2
6598,20.7.2021,34,47,7,3,11,16
6599,22.7.2021,19,14,28,44,17,23
6600,24.7.2021,23,32,26,39,29,10
6601,27.7.2021,6,38,36,26,46,16
6602,29.7.2021,46,12,42,39,35,7
6603,31.7.2021,22,12,13,31,44,34
6604,3.8.2021,23,22,8,10,1,28
6605,5.8.2021,34,21,28,35,29,13
6606,7.8.2021,23,39,21,20,12,33
6607,10.8.2021,14,31,7,26,32,43
6608,12.8.2021,18,20,35,8,39,19
6609,14.8.2021,33,37,10,19,28,34
6610,17.8.2021,23,27,36,5,32,4
6611,19.8.2021,36,22,12,6,8,32
6612,21.8.2021,33,15,20,22,4,12
6613,24.8.2021,39,9,30,47,4,25
6614,26.8.2021,6,8,13,10,16,5
6615,28.8.2021,6,3,10,29,23,15
6616,31.8.2021,26,12,31,41,43,17
6617,2.9.2021,4,22,36,9,17,30
6618,4.9.2021,29,38,34,30,35,28
6619,7.9.2021,1,4,42,10,20,19
6620,9.9.2021,28,3,15,23,46,21
6621,11.9.2021,46,33,45,2,30,41
6622,14.9.2021,35,16,46,23,6,15
6623,16.9.2021,7,43,44,3,2,6
6624,18.9.2021,45,43,13,14,38,33
6625,21.9.2021,35,18,10,19,39,7
6626,23.9.2021,47,1,24,14,42,31
6627,25.9.2021,19,41,48,24,4,15
6628,28.9.2021,18,42,17,31,22,46
6629,30.9.2021,43,34,45,3,28,1
6630,2.10.2021,42,7,21,1,32,23
6631,5.10.2021,33,7,21,25,32,13
6632,7.10.2021,1,46,44,24,16,37
6633,9.10.2021,12,7,8,43,18,37
6634,12.10.2021,18,25,21,38,48,33
6635,14.10.2021,6,1,11,22,13,46
6636,16.10.2021,45,18,8,40,4,5
6637,19.10.2021,15,18,40,26,32,10
6638,21.10.2021,48,26,28,17,23,41
6639,23.10.2021,13,38,1,49,43,31
6640,26.10.2021,35,4,22,48,29,5
6641,28.10.2021,11,18,21,37,41,6
6642,30.10.2021,10,13,1,18,45,11
6643,2.11.2021,10,46,40,6,41,8
6644,4.11.2021,40,5,13,1,11,7
6645,6.11.2021,13,41,22,19,1,24
6646,9.11.2021,12,40,6,24,30,9
6647,11.11.2021,17,14,38,27,41,15
6648,13.11.2021,22,28,31,12,18,29
6649,16.11.2021,11,39,29,22,21,42
6650,18.11.2021,5,2,44,39,19,28
6651,20.11.2021,27,9,23,39,33,7
6652,23.11.2021,47,24,19,46,48,31
6653,25.11.2021,11,48,4,37,27,22
6654,27.11.2021,17,23,7,39,24,42
6655,30.11.2021,7,9,35,19,28,18
6656,2.12.2021,49,37,42,6,36,10
6657,4.12.2021,39,38,16,15,37,42
6658,7.12.2021,10,37,24,12,44,26
6659,9.12.2021,7,32,43,41,3,46
6660,11.12.2021,26,19,29,22,45,23
6661,14.12.2021,25,26,44,27,48,32
6662,16.12.2021,29,34,21,18,4,25
6663,18.12.2021,17,42,25,43,22,3
6664,21.12.2021,24,41,8,48,15,46
6665,23.12.2021,39,12,30,21,29,15
6666,25.12.2021,28,47,30,31,37,49
6667,28.12.2021,45,22,27,8,1,12
6668,30.12.2021,16,2,45,28,9,39
6669,1.1.2022,19,11,17,3,24,4
6670,4.1.2022,49,23,8,36,39,25
6671,6.1.2022,8,36,37,38,5,1
6672,8.1.2022,34,10,33,18,29,45
6673,11.1.2022,47,35,15,7,42,12
6674,13.1.2022,14,47,41,24,6,40
6675,15.1.2022,6,20,48,34,37,41
6676,18.1.2022,29,42,21,31,8,15
6677,20.1.2022,17,25,9,14,40,13
6678,22.1.2022,3,1,19,37,21,23
6679,25.1.2022,35,8,1,6,38,49
6680,27.1.2022,24,38,30,12,3,27
6681,29.1.2022,28,20,45,39,26,13
6682,1.2.2022,15,21,12,1,6,42
6683,3.2.2022,7,48,20,12,25,38
6684,5.2.2022,46,41,44,1,5,43
6685,8.2.2022,15,21,29,42,27,28
6686,10.2.2022,21,36,6,41,46,20
6687,12.2.2022,30,23,8,14,42,44
6688,15.2.2022,6,15,32,49,42,34
6689,17.2.2022,49,28,8,11,7,41
6690,19.2.2022,30,4,25,41,7,44
6691,22.2.2022,8,46,16,35,7,27
6692,24.2.2022,45,10,2,24,11,30
6693,26.2.2022,21,48,39,9,20,44
6694,1.3.2022,17,35,3,33,27,32
6695,3.3.2022,12,17,39,2,47,3
6696,5.3.2022,20,38,9,18,17,16
6697,8.3.2022,5,24,35,40,2,29
6698,10.3.2022,31,16,26,24,11,29
6699,12.3.2022,39,2,48,45,35,25
6700,15.3.2022,11,22,15,3,12,32
6701,17.3.2022,34,27,47,45,35,2
6702,19.3.2022,26,41,29,27,2,46
6703,22.3.2022,3,33,18,22,34,2
6704,24.3.2022,21,16,36,29,38,41
6705,26.3.2022,48,12,40,32,2,30
6706,29.3.2022,7,3,48,26,38,24
6707,31.3.2022,17,14,5,47,26,1
6708,2.4.2022,19,41,4,20,1,25
6709,5.4.2022,6,24,9,48,28,43
6710,7.4.2022,2,25,23,20,33,43
6711,9.4.2022,47,10,26,16,1,34
6712,12.4.2022,32,13,1,12,24,34
6713,14.4.2022,4,42,33,2,38,35
6714,16.4.2022,36,2,39,45,24,19
6715,19.4.2022,45,22,35,28,24,11
6716,21.4.2022,31,46,26,16,32,3
6717,23.4.2022,17,4,29,32,5,42
6718,26.4.2022,20,18,4,5,14,3
6719,28.4.2022,12,44,28,9,8,20
6720,30.4.2022,29,38,12,1,23,10
6721,3.5.2022,31,9,13,33,18,14
6722,5.5.2022,24,4,16,29,12,21
6723,7.5.2022,15,22,7,35,49,21
6724,10.5.2022,40,4,42,12,38,21
6725,12.5.2022,12,49,21,14,45,25
6726,14.5.2022,14,47,19,42,24,27
6727,17.5.2022,5,18,39,1,14,4
6728,19.5.2022,29,17,28,39,43,21
6729,21.5.2022,14,37,15,35,47,12
6730,24.5.2022,48,34,11,27,17,25
6731,26.5.2022,49,33,4,7,20,13
6732,28.5.2022,4,9,31,10,15,44
6733,31.5.2022,8,35,11,18,43,13
6734,2.6.2022,10,26,46,39,35,20
6735,4.6.2022,29,48,24,2,13,22
6736,7.6.2022,27,39,31,12,4,28
6737,9.6.2022,19,29,18,44,17,7
6738,11.6.2022,47,30,5,23,49,48
6739,14.6.2022,21,18,14,45,13,29
6740,16.6.2022,18,45,39,38,21,13
6741,18.6.2022,41,30,26,18,10,16
6742,21.6.2022,12,15,34,27,49,24
6743,23.6.2022,34,46,27,3,4,30
6744,25.6.2022,49,27,38,41,20,28
6745,28.6.2022,34,45,24,29,3,36
6746,30.6.2022,25,38,39,29,35,30
6747,2.7.2022,30,33,10,35,46,4
6748,5.7.2022,2,38,34,20,40,14
6749,7.7.2022,14,44,7,21,32,28
6750,9.7.2022,39,8,15,13,41,36
6751,12.7.2022,38,3,28,19,32,9
6752,14.7.2022,31,18,34,49,22,15
6753,16.7.2022,19,26,21,16,32,5
6754,19.7.2022,14,16,24,26,39,11
6755,21.7.2022,21,1,24,34,37,39
6756,23.7.2022,17,43,39,1,4,22
6757,26.7.2022,20,30,46,34,24,10
6758,28.7.2022,39,38,49,2,16,9
6759,30.7.2022,42,48,13,1,33,12
6760,2.8.2022,9,17,22,49,14,37
6761,4.8.2022,40,34,14,36,10,15
6762,6.8.2022,33,42,19,7,49,47
6763,9.8.2022,44,10,19,7,9,47
6764,11.8.2022,8,11,13,14,19,25
6765,13.8.2022,6,23,28,27,7,9
6766,16.8.2022,42,24,21,10,7,13
6767,18.8.2022,32,8,10,14,41,25
6768,20.8.2022,7,48,47,5,10,16
6769,23.8.2022,49,28,12,5,48,20
6770,25.8.2022,37,6,36,15,12,2
6771,27.8.2022,7,3,9,2,29,24
6772,30.8.2022,28,21,49,12,17,26
6773,1.9.2022,33,12,7,43,17,10
6774,3.9.2022,48,28,2,46,35,47
6775,6.9.2022,38,4,22,5,17,26
6776,8.9.2022,8,26,47,36,22,40
6777,10.9.2022,7,17,13,6,27,21
6778,13.9.2022,37,13,19,48,33,2
6779,15.9.2022,14,30,12,46,48,2
6780,17.9.2022,38,24,11,46,41,20
6781,20.9.2022,18,42,16,27,11,23
6782,22.9.2022,6,11,34,15,45,26
6783,24.9.2022,46,39,26,4,30,33
6784,27.9.2022,27,37,24,21,5,7
6785,29.9.2022,22,28,43,19,47,5
6786,1.10.2022,17,12,30,22,47,25
6787,4.10.2022,38,2,24,6,7,37
6788,6.10.2022,26,5,21,24,44,42
6789,8.10.2022,43,20,29,25,23,7
6790,11.10.2022,17,48,1,16,2,36
6791,13.10.2022,40,42,34,19,47,30
6792,15.10.2022,5,6,2,39,32,13
6793,18.10.2022,8,45,27,2,40,18
6794,20.10.2022,2,19,47,42,33,23
6795,22.10.2022,38,31,25,40,14,10
6796,25.10.2022,19,34,42,48,9,38
6797,27.10.2022,5,2,29,39,46,18
6798,29.10.2022,30,24,28,17,35,20
6799,1.11.2022,5,29,20,7,9,32
6800,3.11.2022,9,15,40,34,4,32
6801,5.11.2022,3,16,49,24,13,12
6802,8.11.2022,28,18,21,6,36,48
6803,10.11.2022,45,16,11,33,31,6
6804,12.11.2022,39,47,5,22,9,45
6805,15.11.2022,3,1,48,46,6,26
6806,17.11.2022,4,27,32,29,25,30
6807,19.11.2022,21,26,40,31,10,3
6808,22.11.2022,18,32,38,36,16,30
6809,24.11.2022,39,29,3,15,25,4
6810,26.11.2022,25,39,36,21,37,2
6811,29.11.2022,15,32,45,2,44,19
6812,1.12.2022,35,15,9,4,44,42
6813,3.12.2022,4,20,49,40,25,26
6814,6.12.2022,20,48,1,16,13,36
6815,8.12.2022,19,45,16,43,38,25
6816,10.12.2022,39,11,38,20,13,23
6817,13.12.2022,14,39,36,30,37,47
6818,15.12.2022,34,4,47,13,1,18
6819,17.12.2022,12,15,32,11,43,25
6820,20.12.2022,6,10,19,1,5,2
6821,22.12.2022,5,3,38,35,2,46
6822,24.12.2022,8,41,16,27,24,44
6823,27.12.2022,9,11,28,2,41,17
6824,29.12.2022,30,27,23,4,15,41
6825,31.12.2022,36,46,47,16,29,19
6826,3.1.2023,38,14,37,8,11,48
6827,5.1.2023,31,43,49,45,7,21
6828,7.1.2023,9,12,43,29,21,3
6829,10.1.2023,40,3,48,10,30,11
6830,12.1.2023,44,45,32,33,25,31
6831,14.1.2023,14,34,45,44,23,39
6832,17.1.2023,18,49,8,22,11,38
6833,19.1.2023,41,18,2,1,48,22
6834,21.1.2023,26,37,43,14,41,47
6835,24.1.2023,13,3,33,8,10,6
6836,26.1.2023,35,7,15,26,33,28
6837,28.1.2023,4,24,39,44,40,34
6838,31.1.2023,46,41,8,19,5,28
6839,2.2.2023,31,40,46,35,29,18
6840,4.2.2023,22,26,48,14,47,20
6841,7.2.2023,14,40,10,13,23,44
6842,9.2.2023,45,40,1,13,49,26
6843,11.2.2023,16,6,24,14,44,28
6844,14.2.2023,26,24,48,33,14,34
6845,16.2.2023,13,20,15,36,26,28
6846,18.2.2023,1,27,48,42,30,32
6847,21.2.2023,38,25,23,1,12,17
6848,23.2.2023,10,48,26,43,22,13
6849,25.2.2023,38,7,35,41,45,10
6850,28.2.2023,46,41,2,36,42,45
6851,2.3.2023,10,30,49,1,4,28
6852,4.3.2023,32,48,21,10,34,11
6853,7.3.2023,46,36,44,37,20,18
6854,9.3.2023,30,35,33,27,39,5
6855,11.3.2023,21,44,1,16,40,20
6856,14.3.2023,36,42,21,12,8,15
6857,16.3.2023,39,40,41,3,43,8
6858,18.3.2023,42,3,9,49,36,20
6859,21.3.2023,25,19,1,36,7,21
6860,23.3.2023,44,45,28,43,13,34
6861,25.3.2023,40,12,3,31,19,43
6862,28.3.2023,34,23,3,13,15,10
6863,30.3.2023,19,43,45,44,49,10
6864,1.4.2023,4,43,21,46,9,29
6865,4.4.2023,15,35,46,31,17,26
6866,6.4.2023,44,34,11,1,29,4
6867,8.4.2023,47,3,45,38,14,30
6868,11.4.2023,7,30,33,46,1,11
6869,13.4.2023,10,9,40,45,7,41
6870,15.4.2023,40,6,5,48,36,14
6871,18.4.2023,34,27,35,23,12,20
6872,20.4.2023,17,28,10,26,47,31
6873,22.4.2023,41,44,10,25,7,5
6874,25.4.2023,44,39,5,2,6,11
6875,27.4.2023,47,5,32,33,49,37
6876,29.4.2023,30,17,39,13,7,29
6877,2.5.2023,36,45,4,2,27,26
6878,4.5.2023,49,15,33,11,14,9
6879,6.5.2023,16,31,38,42,1,27
6880,9.5.2023,27,28,8,16,49,38
6881,11.5.2023,27,38,3,2,46,9
6882,13.5.2023,32,2,8,7,41,45
6883,16.5.2023,18,4,33,46,34,16
6884,18.5.2023,20,29,48,5,7,45
6885,20.5.2023,8,48,40,7,12,16
6886,23.5.2023,28,35,12,1,11,6
6887,25.5.2023,46,15,2,7,41,11
6888,27.5.2023,33,44,24,34,49,31
6889,30.5.2023,8,32,44,47,19,37
6890,1.6.2023,49,17,6,29,23,5
6891,3.6.2023,34,35,15,31,2,17
6892,6.6.2023,6,48,18,4,30,47
6893,8.6.2023,36,13,45,47,6,21
6894,10.6.2023,48,43,40,29,6,31
6895,13.6.2023,47,21,9,40,37,38
6896,15.6.2023,7,16,23,47,24,38
6897,17.6.2023,49,27,19,20,5,2
6898,20.6.2023,12,11,39,37,31,16
6899,22.6.2023,17,47,45,35,9,41
6900,24.6.2023,11,12,25,37,7,48
6901,27.6.2023,1,48,38,17,19,16
6902,29.6.2023,31,26,2,35,21,13
6903,1.7.2023,5,43,40,39,8,18
6904,4.7.2023,40,28,43,19,27,8
6905,6.7.2023,43,41,23,40,45,17
6906,8.7.2023,20,47,24,5,15,8
6907,11.7.2023,45,42,44,34,9,17
6908,13.7.2023,38,32,33,34,22,44
6909,15.7.2023,48,12,38,9,5,36
6910,18.7.2023,38,18,17,41,23,19
6911,20.7.2023,39,12,34,49,18,1
6912,22.7.2023,9,5,21,25,22,17
6913,25.7.2023,49,32,14,48,39,28
6914,27.7.2023,1,22,5,21,37,7
6915,29.7.2023,12,20,1,45,40,11
6916,1.8.2023,41,4,23,42,48,40
6917,3.8.2023,8,48,5,39,42,6
6918,5.8.2023,16,9,27,13,17,26
6919,8.8.2023,32,26,35,46,43,33
6920,10.8.2023,23,9,44,17,5,12
6921,12.8.2023,39,33,10,28,5,19
6922,15.8.2023,12,32,22,47,36,19
6923,17.8.2023,49,4,11,15,25,36
6924,19.8.2023,4,11,40,16,5,9
6925,22.8.2023,38,16,31,42,23,8
6926,24.8.2023,2,49,16,39,44,36
6927,26.8.2023,30,22,47,26,20,25
6928,29.8.2023,16,22,5,21,19,32
6929,31.8.2023,27,7,2,6,23,47
6930,2.9.2023,36,1,44,26,11,5
6931,5.9.2023,7,9,30,24,27,2
6932,7.9.2023,30,31,36,32,17,39
6933,9.9.2023,38,20,35,36,17,4
6934,12.9.2023,46,25,48,41,8,43
6935,14.9.2023,46,11,25,20,30,7
6936,16.9.2023,31,42,33,34,14,41
6937,19.9.2023,12,33,2,36,6,47
6938,21.9.2023,36,14,13,37,49,33
6939,23.9.2023,9,46,32,21,39,7
6940,26.9.2023,29,5,20,7,33,46
6941,28.9.2023,34,5,1,44,23,9
6942,30.9.2023,33,27,28,25,32,48
6943,3.10.2023,9,37,1,12,49,8
6944,5.10.2023,43,17,18,36,31,49
6945,7.10.2023,17,44,13,37,31,49
6946,10.10.2023,10,17,28,22,2,42
6947,12.10.2023,9,17,41,16,27,18
6948,14.10.2023,37,46,47,19,9,41
6949,17.10.2023,40,15,42,39,5,33
6950,19.10.2023,46,30,6,48,38,49
6951,21.10.2023,17,5,47,13,39,36
6952,24.10.2023,27,3,19,43,36,28
6953,26.10.2023,4,25,5,31,38,18
6954,28.10.2023,30,7,8,24,38,47
6955,31.10.2023,33,43,28,26,41,47
6956,2.11.2023,5,17,15,31,7,49
6957,4.11.2023,36,2,48,17,29,9
6958,7.11.2023,8,23,22,37,5,44
6959,9.11.2023,24,36,7,35,4,47
6960,11.11.2023,10,30,32,22,14,27
6961,14.11.2023,47,10,4,43,36,13
6962,16.11.2023,30,16,29,24,32,4
6963,18.11.2023,26,20,38,14,34,46
6964,21.11.2023,47,49,39,2,32,17
6965,23.11.2023,28,14,42,31,3,4
6966,25.11.2023,44,38,9,28,15,25
6967,28.11.2023,47,26,12,21,44,40
6968,30.11.2023,16,20,15,37,21,24
6969,2.12.2023,1,23,19,3,4,40
6970,5.12.2023,37,44,25,28,14,4
6971,7.12.2023,4,15,23,14,28,44
6972,9.12.2023,35,49,37,45,14,21
6973,12.12.2023,45,24,21,15,38,13
6974,14.12.2023,37,15,21,48,24,4
6975,16.12.2023,28,7,22,46,29,6
6976,19.12.2023,47,16,35,31,28,12
6977,21.12.2023,29,30,5,19,14,10
6978,23.12.2023,4,21,36,11,41,15
6979,26.12.2023,17,2,49,13,45,36
6980,28.12.2023,5,27,40,44,29,33
6981,30.12.2023,24,37,21,32,8,44
6982,2.1.2024,15,30,18,49,37,28
6983,4.1.2024,10,28,46,44,25,26
6984,6.1.2024,2,8,5,42,30,9
6985,9.1.2024,48,4,20,28,19,23
6986,11.1.2024,17,38,34,13,2,26
6987,13.1.2024,7,29,24,36,46,44
6988,16.1.2024,5,29,2,23,22,14
6989,18.1.2024,27,28,3,19,18,20
6990,20.1.2024,44,38,43,9,29,22
6991,23.1.2024,41,26,12,21,23,15
6992,25.1.2024,1,37,13,2,30,47
6993,27.1.2024,17,5,41,10,44,48
6994,30.1.2024,6,49,7,40,32,43
6995,1.2.2024,41,36,48,43,22,32
6996,3.2.2024,38,18,2,40,6,12
6997,6.2.2024,40,4,18,45,34,44
6998,8.2.2024,14,11,20,46,15,39
6999,10.2.2024,11,37,26,18,20,47
7000,13.2.2024,42,48,37,1,8,36
7001,15.2.2024,1,49,7,19,9,17
7002,17.2.2024,20,7,6,19,11,47
7003,20.2.2024,7,41,10,14,27,45
7004,22.2.2024,46,16,21,1,47,18
7005,24.2.2024,10,13,22,21,49,4
7006,27.2.2024,12,41,4,11,34,37
7007,29.2.2024,34,12,46,15,17,39
7008,2.3.2024,37,22,16,2,36,13
7009,5.3.2024,22,4,49,7,9,36
7010,7.3.2024,49,30,46,13,16,26
7011,9.3.2024,46,29,48,28,4,7
7012,12.3.2024,17,42,12,28,25,47
7013,14.3.2024,2,45,42,16,43,5
7014,16.3.2024,10,21,24,28,23,49
7015,19.3.2024,41,39,48,31,4,12
7016,21.3.2024,29,13,26,24,14,49
7017,23.3.2024,17,26,9,30,12,2
7018,26.3.2024,19,17,32,26,24,23
7019,28.3.2024,27,30,5,43,38,3
7020,30.3.2024,49,43,38,15,6,2
7021,2.4.2024,49,11,12,15,34,10
7022,4.4.2024,13,6,44,35,27,2
7023,6.4.2024,49,29,45,39,19,47
7024,9.4.2024,29,6,2,31,44,25
7025,11.4.2024,2,5,7,18,32,23
